system,system_name,student_group,n_count,n_ready_grad,pct_ready_grad
10,Anderson County,All Students,533,229.0,43.0
10,Anderson County,American Indian or Alaska Native,1,,
10,Anderson County,Asian,7,,
10,Anderson County,Black or African American,15,2.0,13.3
10,Anderson County,Black/Hispanic/Native American,33,10.0,30.3
10,Anderson County,Economically Disadvantaged,188,48.0,25.5
10,Anderson County,English Learners with Transitional 1-4,3,,
10,Anderson County,Hispanic,17,7.0,41.2
10,Anderson County,Native Hawaiian or Other Pacific Islander,2,,
10,Anderson County,Non-Economically Disadvantaged,345,181.0,52.5
10,Anderson County,Non-English Learners,530,229.0,43.2
10,Anderson County,Non-Students with Disabilities,461,224.0,48.6
10,Anderson County,Students with Disabilities,72,5.0,6.9
10,Anderson County,Super Subgroup,230,55.0,23.9
10,Anderson County,White,491,213.0,43.4
12,Oak Ridge,All Students,351,190.0,54.1
12,Oak Ridge,American Indian or Alaska Native,1,,
12,Oak Ridge,Asian,10,,
12,Oak Ridge,Black or African American,45,13.0,28.9
12,Oak Ridge,Black/Hispanic/Native American,76,27.0,35.5
12,Oak Ridge,Economically Disadvantaged,89,25.0,28.1
12,Oak Ridge,English Learners with Transitional 1-4,7,,
12,Oak Ridge,Hispanic,30,14.0,46.7
12,Oak Ridge,Native Hawaiian or Other Pacific Islander,1,,
12,Oak Ridge,Non-Economically Disadvantaged,262,165.0,63.0
12,Oak Ridge,Non-English Learners,344,189.0,54.9
12,Oak Ridge,Non-Students with Disabilities,307,188.0,61.2
12,Oak Ridge,Students with Disabilities,44,2.0,4.5
12,Oak Ridge,Super Subgroup,153,48.0,31.4
12,Oak Ridge,White,264,152.0,57.6
20,Bedford County,All Students,562,155.0,27.6
20,Bedford County,American Indian or Alaska Native,2,,
20,Bedford County,Asian,5,,
20,Bedford County,Black or African American,64,5.0,7.8
20,Bedford County,Black/Hispanic/Native American,227,30.0,13.2
20,Bedford County,Economically Disadvantaged,199,25.0,12.6
20,Bedford County,English Learners with Transitional 1-4,39,1.0,2.6
20,Bedford County,Hispanic,161,25.0,15.5
20,Bedford County,Native Hawaiian or Other Pacific Islander,3,,
20,Bedford County,Non-Economically Disadvantaged,363,130.0,35.8
20,Bedford County,Non-English Learners,523,154.0,29.4
20,Bedford County,Non-Students with Disabilities,503,155.0,30.8
20,Bedford County,Students with Disabilities,59,,
20,Bedford County,Super Subgroup,342,46.0,13.5
20,Bedford County,White,327,120.0,36.7
30,Benton County,All Students,141,82.0,58.2
30,Benton County,American Indian or Alaska Native,1,,
30,Benton County,Asian,1,,
30,Benton County,Black or African American,6,,
30,Benton County,Black/Hispanic/Native American,11,5.0,45.5
30,Benton County,Economically Disadvantaged,65,30.0,46.2
30,Benton County,Hispanic,4,,
30,Benton County,Native Hawaiian or Other Pacific Islander,1,,
30,Benton County,Non-Economically Disadvantaged,76,52.0,68.4
30,Benton County,Non-English Learners,141,82.0,58.2
30,Benton County,Non-Students with Disabilities,120,77.0,64.2
30,Benton County,Students with Disabilities,21,5.0,23.8
30,Benton County,Super Subgroup,74,34.0,45.9
30,Benton County,White,128,76.0,59.4
40,Bledsoe County,All Students,110,89.0,80.9
40,Bledsoe County,American Indian or Alaska Native,1,,
40,Bledsoe County,Black/Hispanic/Native American,3,,
40,Bledsoe County,Economically Disadvantaged,48,32.0,66.7
40,Bledsoe County,Hispanic,2,,
40,Bledsoe County,Native Hawaiian or Other Pacific Islander,1,,
40,Bledsoe County,Non-Economically Disadvantaged,62,57.0,91.9
40,Bledsoe County,Non-English Learners,110,89.0,80.9
40,Bledsoe County,Non-Students with Disabilities,87,72.0,82.8
40,Bledsoe County,Students with Disabilities,23,17.0,73.9
40,Bledsoe County,Super Subgroup,58,42.0,72.4
40,Bledsoe County,White,106,85.0,80.2
50,Blount County,All Students,732,420.0,57.4
50,Blount County,American Indian or Alaska Native,3,,
50,Blount County,Asian,4,,
50,Blount County,Black or African American,19,5.0,26.3
50,Blount County,Black/Hispanic/Native American,67,31.0,46.3
50,Blount County,Economically Disadvantaged,185,78.0,42.2
50,Blount County,English Learners with Transitional 1-4,7,,
50,Blount County,Hispanic,45,25.0,55.6
50,Blount County,Non-Economically Disadvantaged,547,342.0,62.5
50,Blount County,Non-English Learners,725,419.0,57.8
50,Blount County,Non-Students with Disabilities,653,399.0,61.1
50,Blount County,Students with Disabilities,79,21.0,26.6
50,Blount County,Super Subgroup,266,106.0,39.8
50,Blount County,White,661,386.0,58.4
51,Alcoa,All Students,171,150.0,87.7
51,Alcoa,Asian,4,,
51,Alcoa,Black or African American,35,28.0,80.0
51,Alcoa,Black/Hispanic/Native American,55,46.0,83.6
51,Alcoa,Economically Disadvantaged,45,33.0,73.3
51,Alcoa,English Learners with Transitional 1-4,3,,
51,Alcoa,Hispanic,20,18.0,90.0
51,Alcoa,Non-Economically Disadvantaged,126,117.0,92.9
51,Alcoa,Non-English Learners,168,149.0,88.7
51,Alcoa,Non-Students with Disabilities,146,136.0,93.2
51,Alcoa,Students with Disabilities,25,14.0,56.0
51,Alcoa,Super Subgroup,82,62.0,75.6
51,Alcoa,White,112,101.0,90.2
52,Maryville,All Students,410,296.0,72.2
52,Maryville,American Indian or Alaska Native,1,,
52,Maryville,Asian,7,,
52,Maryville,Black or African American,20,10.0,50.0
52,Maryville,Black/Hispanic/Native American,51,26.0,51.0
52,Maryville,Economically Disadvantaged,56,23.0,41.1
52,Maryville,English Learners with Transitional 1-4,8,,
52,Maryville,Hispanic,30,15.0,50.0
52,Maryville,Non-Economically Disadvantaged,354,273.0,77.1
52,Maryville,Non-English Learners,402,296.0,73.6
52,Maryville,Non-Students with Disabilities,367,287.0,78.2
52,Maryville,Students with Disabilities,43,9.0,20.9
52,Maryville,Super Subgroup,122,49.0,40.2
52,Maryville,White,352,265.0,75.3
60,Bradley County,All Students,794,408.0,51.4
60,Bradley County,American Indian or Alaska Native,7,,
60,Bradley County,Asian,7,,
60,Bradley County,Black or African American,45,11.0,24.4
60,Bradley County,Black/Hispanic/Native American,93,29.0,31.2
60,Bradley County,Economically Disadvantaged,242,81.0,33.5
60,Bradley County,English Learners with Transitional 1-4,7,,
60,Bradley County,Hispanic,41,15.0,36.6
60,Bradley County,Native Hawaiian or Other Pacific Islander,3,,
60,Bradley County,Non-Economically Disadvantaged,552,327.0,59.2
60,Bradley County,Non-English Learners,787,406.0,51.6
60,Bradley County,Non-Students with Disabilities,730,398.0,54.5
60,Bradley County,Students with Disabilities,64,10.0,15.6
60,Bradley County,Super Subgroup,321,109.0,34.0
60,Bradley County,White,691,372.0,53.8
61,Cleveland,All Students,400,164.0,41.0
61,Cleveland,American Indian or Alaska Native,5,,
61,Cleveland,Asian,9,,
61,Cleveland,Black or African American,59,12.0,20.3
61,Cleveland,Black/Hispanic/Native American,161,35.0,21.7
61,Cleveland,Economically Disadvantaged,201,60.0,29.9
61,Cleveland,English Learners with Transitional 1-4,34,4.0,11.8
61,Cleveland,Hispanic,97,23.0,23.7
61,Cleveland,Native Hawaiian or Other Pacific Islander,4,,
61,Cleveland,Non-Economically Disadvantaged,199,104.0,52.3
61,Cleveland,Non-English Learners,366,160.0,43.7
61,Cleveland,Non-Students with Disabilities,346,160.0,46.2
61,Cleveland,Students with Disabilities,54,4.0,7.4
61,Cleveland,Super Subgroup,275,79.0,28.7
61,Cleveland,White,226,120.0,53.1
70,Campbell County,All Students,388,105.0,27.1
70,Campbell County,Asian,2,,
70,Campbell County,Black or African American,5,,
70,Campbell County,Black/Hispanic/Native American,12,4.0,33.3
70,Campbell County,Economically Disadvantaged,193,30.0,15.5
70,Campbell County,Hispanic,7,,
70,Campbell County,Non-Economically Disadvantaged,195,75.0,38.5
70,Campbell County,Non-English Learners,388,105.0,27.1
70,Campbell County,Non-Students with Disabilities,341,104.0,30.5
70,Campbell County,Students with Disabilities,47,1.0,2.1
70,Campbell County,Super Subgroup,216,33.0,15.3
70,Campbell County,White,374,101.0,27.0
80,Cannon County,All Students,127,64.0,50.4
80,Cannon County,Black or African American,2,,
80,Cannon County,Black/Hispanic/Native American,5,,
80,Cannon County,Economically Disadvantaged,45,9.0,20.0
80,Cannon County,Hispanic,3,,
80,Cannon County,Non-Economically Disadvantaged,82,55.0,67.1
80,Cannon County,Non-English Learners,127,64.0,50.4
80,Cannon County,Non-Students with Disabilities,117,64.0,54.7
80,Cannon County,Students with Disabilities,10,,
80,Cannon County,Super Subgroup,50,10.0,20.0
80,Cannon County,White,122,62.0,50.8
90,Carroll County,All Students,11,,
90,Carroll County,Black or African American,2,,
90,Carroll County,Black/Hispanic/Native American,2,,
90,Carroll County,Economically Disadvantaged,8,,
90,Carroll County,Non-Economically Disadvantaged,3,,
90,Carroll County,Non-English Learners,11,,
90,Carroll County,Non-Students with Disabilities,9,,
90,Carroll County,Students with Disabilities,2,,
90,Carroll County,Super Subgroup,9,,
90,Carroll County,White,9,,
92,Hollow Rock - Bruceton,All Students,43,17.0,39.5
92,Hollow Rock - Bruceton,Black or African American,7,,
92,Hollow Rock - Bruceton,Black/Hispanic/Native American,9,,
92,Hollow Rock - Bruceton,Economically Disadvantaged,23,10.0,43.5
92,Hollow Rock - Bruceton,Hispanic,2,,
92,Hollow Rock - Bruceton,Non-Economically Disadvantaged,20,7.0,35.0
92,Hollow Rock - Bruceton,Non-English Learners,43,17.0,39.5
92,Hollow Rock - Bruceton,Non-Students with Disabilities,38,17.0,44.7
92,Hollow Rock - Bruceton,Students with Disabilities,5,,
92,Hollow Rock - Bruceton,Super Subgroup,30,13.0,43.3
92,Hollow Rock - Bruceton,White,34,14.0,41.2
93,Huntingdon Special School District,All Students,99,58.0,58.6
93,Huntingdon Special School District,Black or African American,7,,
93,Huntingdon Special School District,Black/Hispanic/Native American,8,,
93,Huntingdon Special School District,Economically Disadvantaged,37,16.0,43.2
93,Huntingdon Special School District,Hispanic,1,,
93,Huntingdon Special School District,Non-Economically Disadvantaged,62,42.0,67.7
93,Huntingdon Special School District,Non-English Learners,99,58.0,58.6
93,Huntingdon Special School District,Non-Students with Disabilities,85,55.0,64.7
93,Huntingdon Special School District,Students with Disabilities,14,3.0,21.4
93,Huntingdon Special School District,Super Subgroup,42,17.0,40.5
93,Huntingdon Special School District,White,91,55.0,60.4
94,McKenzie,All Students,73,48.0,65.8
94,McKenzie,American Indian or Alaska Native,1,,
94,McKenzie,Black or African American,12,3.0,25.0
94,McKenzie,Black/Hispanic/Native American,16,4.0,25.0
94,McKenzie,Economically Disadvantaged,25,14.0,56.0
94,McKenzie,Hispanic,3,,
94,McKenzie,Non-Economically Disadvantaged,48,34.0,70.8
94,McKenzie,Non-English Learners,73,48.0,65.8
94,McKenzie,Non-Students with Disabilities,59,43.0,72.9
94,McKenzie,Students with Disabilities,14,5.0,35.7
94,McKenzie,Super Subgroup,39,19.0,48.7
94,McKenzie,White,57,44.0,77.2
95,South Carroll,All Students,30,19.0,63.3
95,South Carroll,Black or African American,4,,
95,South Carroll,Black/Hispanic/Native American,5,,
95,South Carroll,Economically Disadvantaged,12,8.0,66.7
95,South Carroll,Hispanic,1,,
95,South Carroll,Non-Economically Disadvantaged,18,11.0,61.1
95,South Carroll,Non-English Learners,30,19.0,63.3
95,South Carroll,Non-Students with Disabilities,27,18.0,66.7
95,South Carroll,Students with Disabilities,3,,
95,South Carroll,Super Subgroup,14,8.0,57.1
95,South Carroll,White,25,18.0,72.0
97,West Carroll Sp Dist,All Students,67,16.0,23.9
97,West Carroll Sp Dist,American Indian or Alaska Native,1,,
97,West Carroll Sp Dist,Asian,1,,
97,West Carroll Sp Dist,Black or African American,7,,
97,West Carroll Sp Dist,Black/Hispanic/Native American,10,3.0,30.0
97,West Carroll Sp Dist,Economically Disadvantaged,36,6.0,16.7
97,West Carroll Sp Dist,English Learners with Transitional 1-4,1,,
97,West Carroll Sp Dist,Hispanic,2,,
97,West Carroll Sp Dist,Non-Economically Disadvantaged,31,10.0,32.3
97,West Carroll Sp Dist,Non-English Learners,66,16.0,24.2
97,West Carroll Sp Dist,Non-Students with Disabilities,54,16.0,29.6
97,West Carroll Sp Dist,Students with Disabilities,13,,
97,West Carroll Sp Dist,Super Subgroup,46,8.0,17.4
97,West Carroll Sp Dist,White,56,13.0,23.2
100,Carter County,All Students,451,245.0,54.3
100,Carter County,American Indian or Alaska Native,5,,
100,Carter County,Black or African American,8,,
100,Carter County,Black/Hispanic/Native American,22,12.0,54.5
100,Carter County,Economically Disadvantaged,236,111.0,47.0
100,Carter County,Hispanic,9,,
100,Carter County,Non-Economically Disadvantaged,215,134.0,62.3
100,Carter County,Non-English Learners,451,245.0,54.3
100,Carter County,Non-Students with Disabilities,375,223.0,59.5
100,Carter County,Students with Disabilities,76,22.0,28.9
100,Carter County,Super Subgroup,275,123.0,44.7
100,Carter County,White,429,233.0,54.3
101,Elizabethton,All Students,188,86.0,45.7
101,Elizabethton,American Indian or Alaska Native,1,,
101,Elizabethton,Asian,1,,
101,Elizabethton,Black or African American,5,,
101,Elizabethton,Black/Hispanic/Native American,7,,
101,Elizabethton,Economically Disadvantaged,59,9.0,15.3
101,Elizabethton,Hispanic,1,,
101,Elizabethton,Native Hawaiian or Other Pacific Islander,2,,
101,Elizabethton,Non-Economically Disadvantaged,129,77.0,59.7
101,Elizabethton,Non-English Learners,188,86.0,45.7
101,Elizabethton,Non-Students with Disabilities,164,85.0,51.8
101,Elizabethton,Students with Disabilities,24,1.0,4.2
101,Elizabethton,Super Subgroup,66,10.0,15.2
101,Elizabethton,White,178,86.0,48.3
110,Cheatham County,All Students,410,159.0,38.8
110,Cheatham County,American Indian or Alaska Native,1,,
110,Cheatham County,Asian,6,,
110,Cheatham County,Black or African American,13,2.0,15.4
110,Cheatham County,Black/Hispanic/Native American,46,8.0,17.4
110,Cheatham County,Economically Disadvantaged,106,16.0,15.1
110,Cheatham County,English Learners with Transitional 1-4,11,,
110,Cheatham County,Hispanic,32,6.0,18.8
110,Cheatham County,Native Hawaiian or Other Pacific Islander,1,,
110,Cheatham County,Non-Economically Disadvantaged,304,143.0,47.0
110,Cheatham County,Non-English Learners,399,159.0,39.8
110,Cheatham County,Non-Students with Disabilities,354,156.0,44.1
110,Cheatham County,Students with Disabilities,56,3.0,5.4
110,Cheatham County,Super Subgroup,164,27.0,16.5
110,Cheatham County,White,357,146.0,40.9
120,Chester County,All Students,180,134.0,74.4
120,Chester County,Asian,1,,
120,Chester County,Black or African American,25,13.0,52.0
120,Chester County,Black/Hispanic/Native American,30,16.0,53.3
120,Chester County,Economically Disadvantaged,61,33.0,54.1
120,Chester County,Hispanic,5,,
120,Chester County,Non-Economically Disadvantaged,119,101.0,84.9
120,Chester County,Non-English Learners,180,134.0,74.4
120,Chester County,Non-Students with Disabilities,166,129.0,77.7
120,Chester County,Students with Disabilities,14,5.0,35.7
120,Chester County,Super Subgroup,79,44.0,55.7
120,Chester County,White,149,117.0,78.5
130,Claiborne County,All Students,312,94.0,30.1
130,Claiborne County,American Indian or Alaska Native,4,,
130,Claiborne County,Black or African American,7,,
130,Claiborne County,Black/Hispanic/Native American,14,3.0,21.4
130,Claiborne County,Economically Disadvantaged,122,20.0,16.4
130,Claiborne County,Hispanic,3,,
130,Claiborne County,Native Hawaiian or Other Pacific Islander,1,,
130,Claiborne County,Non-Economically Disadvantaged,190,74.0,38.9
130,Claiborne County,Non-English Learners,312,94.0,30.1
130,Claiborne County,Non-Students with Disabilities,255,92.0,36.1
130,Claiborne County,Students with Disabilities,57,2.0,3.5
130,Claiborne County,Super Subgroup,152,23.0,15.1
130,Claiborne County,White,297,91.0,30.6
140,Clay County,All Students,76,67.0,88.2
140,Clay County,American Indian or Alaska Native,1,,
140,Clay County,Black or African American,2,,
140,Clay County,Black/Hispanic/Native American,4,,
140,Clay County,Economically Disadvantaged,36,29.0,80.6
140,Clay County,Hispanic,1,,
140,Clay County,Non-Economically Disadvantaged,40,38.0,95.0
140,Clay County,Non-English Learners,76,67.0,88.2
140,Clay County,Non-Students with Disabilities,66,60.0,90.9
140,Clay County,Students with Disabilities,10,7.0,70.0
140,Clay County,Super Subgroup,40,33.0,82.5
140,Clay County,White,72,64.0,88.9
150,Cocke County,All Students,397,108.0,27.2
150,Cocke County,American Indian or Alaska Native,4,,
150,Cocke County,Asian,5,,
150,Cocke County,Black or African American,12,2.0,16.7
150,Cocke County,Black/Hispanic/Native American,31,6.0,19.4
150,Cocke County,Economically Disadvantaged,221,43.0,19.5
150,Cocke County,English Learners with Transitional 1-4,3,,
150,Cocke County,Hispanic,15,3.0,20.0
150,Cocke County,Non-Economically Disadvantaged,176,65.0,36.9
150,Cocke County,Non-English Learners,394,108.0,27.4
150,Cocke County,Non-Students with Disabilities,327,105.0,32.1
150,Cocke County,Students with Disabilities,70,3.0,4.3
150,Cocke County,Super Subgroup,249,47.0,18.9
150,Cocke County,White,361,99.0,27.4
160,Coffee County,All Students,372,139.0,37.4
160,Coffee County,Asian,5,,
160,Coffee County,Black or African American,15,3.0,20.0
160,Coffee County,Black/Hispanic/Native American,62,15.0,24.2
160,Coffee County,Economically Disadvantaged,130,17.0,13.1
160,Coffee County,English Learners with Transitional 1-4,10,,
160,Coffee County,Hispanic,47,12.0,25.5
160,Coffee County,Native Hawaiian or Other Pacific Islander,1,,
160,Coffee County,Non-Economically Disadvantaged,242,122.0,50.4
160,Coffee County,Non-English Learners,362,139.0,38.4
160,Coffee County,Non-Students with Disabilities,319,137.0,42.9
160,Coffee County,Students with Disabilities,53,2.0,3.8
160,Coffee County,Super Subgroup,179,31.0,17.3
160,Coffee County,White,304,121.0,39.8
162,Tullahoma,All Students,260,107.0,41.2
162,Tullahoma,American Indian or Alaska Native,3,,
162,Tullahoma,Asian,6,,
162,Tullahoma,Black or African American,31,8.0,25.8
162,Tullahoma,Black/Hispanic/Native American,52,12.0,23.1
162,Tullahoma,Economically Disadvantaged,77,14.0,18.2
162,Tullahoma,English Learners with Transitional 1-4,3,,
162,Tullahoma,Hispanic,18,3.0,16.7
162,Tullahoma,Native Hawaiian or Other Pacific Islander,1,,
162,Tullahoma,Non-Economically Disadvantaged,183,93.0,50.8
162,Tullahoma,Non-English Learners,257,107.0,41.6
162,Tullahoma,Non-Students with Disabilities,230,107.0,46.5
162,Tullahoma,Students with Disabilities,30,,
162,Tullahoma,Super Subgroup,119,22.0,18.5
162,Tullahoma,White,201,89.0,44.3
170,Crockett County,All Students,205,86.0,42.0
170,Crockett County,Asian,1,,
170,Crockett County,Black or African American,30,10.0,33.3
170,Crockett County,Black/Hispanic/Native American,61,18.0,29.5
170,Crockett County,Economically Disadvantaged,80,22.0,27.5
170,Crockett County,English Learners with Transitional 1-4,9,,
170,Crockett County,Hispanic,31,8.0,25.8
170,Crockett County,Non-Economically Disadvantaged,125,64.0,51.2
170,Crockett County,Non-English Learners,196,86.0,43.9
170,Crockett County,Non-Students with Disabilities,182,86.0,47.3
170,Crockett County,Students with Disabilities,23,,
170,Crockett County,Super Subgroup,120,34.0,28.3
170,Crockett County,White,143,68.0,47.6
180,Cumberland County,All Students,505,193.0,38.2
180,Cumberland County,American Indian or Alaska Native,1,,
180,Cumberland County,Asian,5,,
180,Cumberland County,Black or African American,5,,
180,Cumberland County,Black/Hispanic/Native American,40,9.0,22.5
180,Cumberland County,Economically Disadvantaged,176,43.0,24.4
180,Cumberland County,English Learners with Transitional 1-4,11,,
180,Cumberland County,Hispanic,34,8.0,23.5
180,Cumberland County,Native Hawaiian or Other Pacific Islander,1,,
180,Cumberland County,Non-Economically Disadvantaged,329,150.0,45.6
180,Cumberland County,Non-English Learners,494,193.0,39.1
180,Cumberland County,Non-Students with Disabilities,435,187.0,43.0
180,Cumberland County,Students with Disabilities,70,6.0,8.6
180,Cumberland County,Super Subgroup,235,50.0,21.3
180,Cumberland County,White,459,180.0,39.2
190,Davidson County,All Students,5846,1801.0,30.8
190,Davidson County,American Indian or Alaska Native,3,,
190,Davidson County,Asian,250,153.0,61.2
190,Davidson County,Black or African American,2408,582.0,24.2
190,Davidson County,Black/Hispanic/Native American,4225,925.0,21.9
190,Davidson County,Economically Disadvantaged,3174,652.0,20.5
190,Davidson County,English Learners with Transitional 1-4,1198,68.0,5.7
190,Davidson County,Hispanic,1814,343.0,18.9
190,Davidson County,Native Hawaiian or Other Pacific Islander,6,,
190,Davidson County,Non-Economically Disadvantaged,2672,1149.0,43.0
190,Davidson County,Non-English Learners,4648,1733.0,37.3
190,Davidson County,Non-Students with Disabilities,5099,1728.0,33.9
190,Davidson County,Students with Disabilities,747,73.0,9.8
190,Davidson County,Super Subgroup,5017,1183.0,23.6
190,Davidson County,White,1365,721.0,52.8
200,Decatur County,All Students,104,70.0,67.3
200,Decatur County,Black or African American,5,,
200,Decatur County,Black/Hispanic/Native American,10,5.0,50.0
200,Decatur County,Economically Disadvantaged,45,22.0,48.9
200,Decatur County,Hispanic,5,,
200,Decatur County,Non-Economically Disadvantaged,59,48.0,81.4
200,Decatur County,Non-English Learners,104,70.0,67.3
200,Decatur County,Non-Students with Disabilities,88,64.0,72.7
200,Decatur County,Students with Disabilities,16,6.0,37.5
200,Decatur County,Super Subgroup,56,28.0,50.0
200,Decatur County,White,94,65.0,69.1
210,DeKalb County,All Students,176,76.0,43.2
210,DeKalb County,American Indian or Alaska Native,1,,
210,DeKalb County,Asian,1,,
210,DeKalb County,Black or African American,7,,
210,DeKalb County,Black/Hispanic/Native American,29,6.0,20.7
210,DeKalb County,Economically Disadvantaged,59,10.0,16.9
210,DeKalb County,English Learners with Transitional 1-4,6,,
210,DeKalb County,Hispanic,21,2.0,9.5
210,DeKalb County,Non-Economically Disadvantaged,117,66.0,56.4
210,DeKalb County,Non-English Learners,170,76.0,44.7
210,DeKalb County,Non-Students with Disabilities,150,75.0,50.0
210,DeKalb County,Students with Disabilities,26,1.0,3.8
210,DeKalb County,Super Subgroup,83,14.0,16.9
210,DeKalb County,White,146,69.0,47.3
220,Dickson County,All Students,573,240.0,41.9
220,Dickson County,American Indian or Alaska Native,3,,
220,Dickson County,Asian,10,6.0,60.0
220,Dickson County,Black or African American,43,7.0,16.3
220,Dickson County,Black/Hispanic/Native American,83,20.0,24.1
220,Dickson County,Economically Disadvantaged,182,40.0,22.0
220,Dickson County,English Learners with Transitional 1-4,13,,
220,Dickson County,Hispanic,37,11.0,29.7
220,Dickson County,Non-Economically Disadvantaged,391,200.0,51.2
220,Dickson County,Non-English Learners,560,240.0,42.9
220,Dickson County,Non-Students with Disabilities,516,239.0,46.3
220,Dickson County,Students with Disabilities,57,1.0,1.8
220,Dickson County,Super Subgroup,242,54.0,22.3
220,Dickson County,White,480,214.0,44.6
230,Dyer County,All Students,262,183.0,69.8
230,Dyer County,American Indian or Alaska Native,1,,
230,Dyer County,Asian,3,,
230,Dyer County,Black or African American,15,4.0,26.7
230,Dyer County,Black/Hispanic/Native American,27,11.0,40.7
230,Dyer County,Economically Disadvantaged,101,60.0,59.4
230,Dyer County,English Learners with Transitional 1-4,1,,
230,Dyer County,Hispanic,11,6.0,54.5
230,Dyer County,Native Hawaiian or Other Pacific Islander,1,,
230,Dyer County,Non-Economically Disadvantaged,161,123.0,76.4
230,Dyer County,Non-English Learners,261,183.0,70.1
230,Dyer County,Non-Students with Disabilities,244,180.0,73.8
230,Dyer County,Students with Disabilities,18,3.0,16.7
230,Dyer County,Super Subgroup,113,65.0,57.5
230,Dyer County,White,231,169.0,73.2
231,Dyersburg,All Students,155,113.0,72.9
231,Dyersburg,Asian,3,,
231,Dyersburg,Black or African American,59,30.0,50.8
231,Dyersburg,Black/Hispanic/Native American,65,34.0,52.3
231,Dyersburg,Economically Disadvantaged,58,30.0,51.7
231,Dyersburg,English Learners with Transitional 1-4,1,,
231,Dyersburg,Hispanic,6,,
231,Dyersburg,Non-Economically Disadvantaged,97,83.0,85.6
231,Dyersburg,Non-English Learners,154,112.0,72.7
231,Dyersburg,Non-Students with Disabilities,131,106.0,80.9
231,Dyersburg,Students with Disabilities,24,7.0,29.2
231,Dyersburg,Super Subgroup,86,51.0,59.3
231,Dyersburg,White,87,76.0,87.4
240,Fayette County Public Schools,All Students,183,55.0,30.1
240,Fayette County Public Schools,American Indian or Alaska Native,1,,
240,Fayette County Public Schools,Asian,1,,
240,Fayette County Public Schools,Black or African American,108,22.0,20.4
240,Fayette County Public Schools,Black/Hispanic/Native American,122,28.0,23.0
240,Fayette County Public Schools,Economically Disadvantaged,92,20.0,21.7
240,Fayette County Public Schools,English Learners with Transitional 1-4,4,,
240,Fayette County Public Schools,Hispanic,13,6.0,46.2
240,Fayette County Public Schools,Non-Economically Disadvantaged,91,35.0,38.5
240,Fayette County Public Schools,Non-English Learners,179,54.0,30.2
240,Fayette County Public Schools,Non-Students with Disabilities,162,52.0,32.1
240,Fayette County Public Schools,Students with Disabilities,21,3.0,14.3
240,Fayette County Public Schools,Super Subgroup,149,37.0,24.8
240,Fayette County Public Schools,White,60,27.0,45.0
250,Fentress County,All Students,74,44.0,59.5
250,Fentress County,Black/Hispanic/Native American,2,,
250,Fentress County,Economically Disadvantaged,33,18.0,54.5
250,Fentress County,Hispanic,2,,
250,Fentress County,Non-Economically Disadvantaged,41,26.0,63.4
250,Fentress County,Non-English Learners,74,44.0,59.5
250,Fentress County,Non-Students with Disabilities,66,43.0,65.2
250,Fentress County,Students with Disabilities,8,,
250,Fentress County,Super Subgroup,37,19.0,51.4
250,Fentress County,White,72,43.0,59.7
260,Franklin County,All Students,354,111.0,31.4
260,Franklin County,American Indian or Alaska Native,3,,
260,Franklin County,Asian,5,,
260,Franklin County,Black or African American,23,3.0,13.0
260,Franklin County,Black/Hispanic/Native American,57,9.0,15.8
260,Franklin County,Economically Disadvantaged,96,18.0,18.8
260,Franklin County,English Learners with Transitional 1-4,14,,
260,Franklin County,Hispanic,31,6.0,19.4
260,Franklin County,Native Hawaiian or Other Pacific Islander,2,,
260,Franklin County,Non-Economically Disadvantaged,258,93.0,36.0
260,Franklin County,Non-English Learners,340,111.0,32.6
260,Franklin County,Non-Students with Disabilities,295,109.0,36.9
260,Franklin County,Students with Disabilities,59,2.0,3.4
260,Franklin County,Super Subgroup,164,25.0,15.2
260,Franklin County,White,290,97.0,33.4
271,Humboldt City Schools,All Students,64,5.0,7.8
271,Humboldt City Schools,Black or African American,54,4.0,7.4
271,Humboldt City Schools,Black/Hispanic/Native American,55,4.0,7.3
271,Humboldt City Schools,Economically Disadvantaged,47,3.0,6.4
271,Humboldt City Schools,Hispanic,1,,
271,Humboldt City Schools,Non-Economically Disadvantaged,17,2.0,11.8
271,Humboldt City Schools,Non-English Learners,64,5.0,7.8
271,Humboldt City Schools,Non-Students with Disabilities,49,5.0,10.2
271,Humboldt City Schools,Students with Disabilities,15,,
271,Humboldt City Schools,Super Subgroup,62,5.0,8.1
271,Humboldt City Schools,White,9,,
272,Milan,All Students,138,126.0,91.3
272,Milan,Black or African American,42,35.0,83.3
272,Milan,Black/Hispanic/Native American,49,42.0,85.7
272,Milan,Economically Disadvantaged,48,42.0,87.5
272,Milan,English Learners with Transitional 1-4,1,,
272,Milan,Hispanic,7,,
272,Milan,Native Hawaiian or Other Pacific Islander,1,,
272,Milan,Non-Economically Disadvantaged,90,84.0,93.3
272,Milan,Non-English Learners,137,125.0,91.2
272,Milan,Non-Students with Disabilities,109,102.0,93.6
272,Milan,Students with Disabilities,29,24.0,82.8
272,Milan,Super Subgroup,78,68.0,87.2
272,Milan,White,88,83.0,94.3
273,Trenton,All Students,88,38.0,43.2
273,Trenton,Black or African American,26,7.0,26.9
273,Trenton,Black/Hispanic/Native American,34,9.0,26.5
273,Trenton,Economically Disadvantaged,41,13.0,31.7
273,Trenton,English Learners with Transitional 1-4,4,,
273,Trenton,Hispanic,8,,
273,Trenton,Non-Economically Disadvantaged,47,25.0,53.2
273,Trenton,Non-English Learners,84,38.0,45.2
273,Trenton,Non-Students with Disabilities,75,37.0,49.3
273,Trenton,Students with Disabilities,13,1.0,7.7
273,Trenton,Super Subgroup,54,15.0,27.8
273,Trenton,White,54,29.0,53.7
274,Bradford,All Students,42,24.0,57.1
274,Bradford,Black or African American,3,,
274,Bradford,Black/Hispanic/Native American,3,,
274,Bradford,Economically Disadvantaged,9,,
274,Bradford,Non-Economically Disadvantaged,33,21.0,63.6
274,Bradford,Non-English Learners,42,24.0,57.1
274,Bradford,Non-Students with Disabilities,37,24.0,64.9
274,Bradford,Students with Disabilities,5,,
274,Bradford,Super Subgroup,15,5.0,33.3
274,Bradford,White,39,22.0,56.4
275,Gibson Co Sp Dist,All Students,259,209.0,80.7
275,Gibson Co Sp Dist,Asian,2,,
275,Gibson Co Sp Dist,Black or African American,21,14.0,66.7
275,Gibson Co Sp Dist,Black/Hispanic/Native American,29,18.0,62.1
275,Gibson Co Sp Dist,Economically Disadvantaged,59,39.0,66.1
275,Gibson Co Sp Dist,English Learners with Transitional 1-4,2,,
275,Gibson Co Sp Dist,Hispanic,8,,
275,Gibson Co Sp Dist,Non-Economically Disadvantaged,200,170.0,85.0
275,Gibson Co Sp Dist,Non-English Learners,257,209.0,81.3
275,Gibson Co Sp Dist,Non-Students with Disabilities,236,197.0,83.5
275,Gibson Co Sp Dist,Students with Disabilities,23,12.0,52.2
275,Gibson Co Sp Dist,Super Subgroup,88,54.0,61.4
275,Gibson Co Sp Dist,White,228,189.0,82.9
280,Giles County,All Students,266,71.0,26.7
280,Giles County,American Indian or Alaska Native,1,,
280,Giles County,Asian,4,,
280,Giles County,Black or African American,53,5.0,9.4
280,Giles County,Black/Hispanic/Native American,58,7.0,12.1
280,Giles County,Economically Disadvantaged,104,10.0,9.6
280,Giles County,Hispanic,4,,
280,Giles County,Native Hawaiian or Other Pacific Islander,1,,
280,Giles County,Non-Economically Disadvantaged,162,61.0,37.7
280,Giles County,Non-English Learners,266,71.0,26.7
280,Giles County,Non-Students with Disabilities,226,71.0,31.4
280,Giles County,Students with Disabilities,40,,
280,Giles County,Super Subgroup,141,14.0,9.9
280,Giles County,White,203,64.0,31.5
290,Grainger County,All Students,252,63.0,25.0
290,Grainger County,American Indian or Alaska Native,1,,
290,Grainger County,Black or African American,3,,
290,Grainger County,Black/Hispanic/Native American,15,3.0,20.0
290,Grainger County,Economically Disadvantaged,97,13.0,13.4
290,Grainger County,English Learners with Transitional 1-4,3,,
290,Grainger County,Hispanic,11,1.0,9.1
290,Grainger County,Non-Economically Disadvantaged,155,50.0,32.3
290,Grainger County,Non-English Learners,249,62.0,24.9
290,Grainger County,Non-Students with Disabilities,209,62.0,29.7
290,Grainger County,Students with Disabilities,43,1.0,2.3
290,Grainger County,Super Subgroup,126,16.0,12.7
290,Grainger County,White,237,60.0,25.3
300,Greene County,All Students,497,316.0,63.6
300,Greene County,American Indian or Alaska Native,5,,
300,Greene County,Asian,4,,
300,Greene County,Black or African American,14,6.0,42.9
300,Greene County,Black/Hispanic/Native American,44,19.0,43.2
300,Greene County,Economically Disadvantaged,162,81.0,50.0
300,Greene County,English Learners with Transitional 1-4,4,,
300,Greene County,Hispanic,25,11.0,44.0
300,Greene County,Native Hawaiian or Other Pacific Islander,1,,
300,Greene County,Non-Economically Disadvantaged,335,235.0,70.1
300,Greene County,Non-English Learners,493,315.0,63.9
300,Greene County,Non-Students with Disabilities,415,291.0,70.1
300,Greene County,Students with Disabilities,82,25.0,30.5
300,Greene County,Super Subgroup,230,112.0,48.7
300,Greene County,White,448,294.0,65.6
301,Greeneville,All Students,199,100.0,50.3
301,Greeneville,American Indian or Alaska Native,5,,
301,Greeneville,Asian,4,,
301,Greeneville,Black or African American,21,6.0,28.6
301,Greeneville,Black/Hispanic/Native American,48,17.0,35.4
301,Greeneville,Economically Disadvantaged,62,15.0,24.2
301,Greeneville,English Learners with Transitional 1-4,2,,
301,Greeneville,Hispanic,22,8.0,36.4
301,Greeneville,Native Hawaiian or Other Pacific Islander,1,,
301,Greeneville,Non-Economically Disadvantaged,137,85.0,62.0
301,Greeneville,Non-English Learners,197,99.0,50.3
301,Greeneville,Non-Students with Disabilities,176,100.0,56.8
301,Greeneville,Students with Disabilities,23,,
301,Greeneville,Super Subgroup,90,26.0,28.9
301,Greeneville,White,146,79.0,54.1
310,Grundy County,All Students,129,29.0,22.5
310,Grundy County,Asian,2,,
310,Grundy County,Black/Hispanic/Native American,2,,
310,Grundy County,Economically Disadvantaged,62,10.0,16.1
310,Grundy County,English Learners with Transitional 1-4,1,,
310,Grundy County,Hispanic,2,,
310,Grundy County,Non-Economically Disadvantaged,67,19.0,28.4
310,Grundy County,Non-English Learners,128,29.0,22.7
310,Grundy County,Non-Students with Disabilities,119,29.0,24.4
310,Grundy County,Students with Disabilities,10,,
310,Grundy County,Super Subgroup,70,11.0,15.7
310,Grundy County,White,125,28.0,22.4
320,Hamblen County,All Students,737,283.0,38.4
320,Hamblen County,American Indian or Alaska Native,4,,
320,Hamblen County,Asian,3,,
320,Hamblen County,Black or African American,44,7.0,15.9
320,Hamblen County,Black/Hispanic/Native American,236,54.0,22.9
320,Hamblen County,Economically Disadvantaged,272,61.0,22.4
320,Hamblen County,English Learners with Transitional 1-4,61,3.0,4.9
320,Hamblen County,Hispanic,188,46.0,24.5
320,Hamblen County,Native Hawaiian or Other Pacific Islander,7,,
320,Hamblen County,Non-Economically Disadvantaged,465,222.0,47.7
320,Hamblen County,Non-English Learners,676,280.0,41.4
320,Hamblen County,Non-Students with Disabilities,662,278.0,42.0
320,Hamblen County,Students with Disabilities,75,5.0,6.7
320,Hamblen County,Super Subgroup,432,98.0,22.7
320,Hamblen County,White,491,225.0,45.8
330,Hamilton County,All Students,3137,1373.0,43.8
330,Hamilton County,American Indian or Alaska Native,35,20.0,57.1
330,Hamilton County,Asian,95,74.0,77.9
330,Hamilton County,Black or African American,920,234.0,25.4
330,Hamilton County,Black/Hispanic/Native American,1489,381.0,25.6
330,Hamilton County,Economically Disadvantaged,1184,301.0,25.4
330,Hamilton County,English Learners with Transitional 1-4,271,22.0,8.1
330,Hamilton County,Hispanic,534,127.0,23.8
330,Hamilton County,Native Hawaiian or Other Pacific Islander,10,,
330,Hamilton County,Non-Economically Disadvantaged,1953,1072.0,54.9
330,Hamilton County,Non-English Learners,2866,1351.0,47.1
330,Hamilton County,Non-Students with Disabilities,2777,1324.0,47.7
330,Hamilton County,Students with Disabilities,360,49.0,13.6
330,Hamilton County,Super Subgroup,1972,540.0,27.4
330,Hamilton County,White,1543,908.0,58.8
340,Hancock County,All Students,73,21.0,28.8
340,Hancock County,Black/Hispanic/Native American,1,,
340,Hancock County,Economically Disadvantaged,34,6.0,17.6
340,Hancock County,Hispanic,1,,
340,Hancock County,Non-Economically Disadvantaged,39,15.0,38.5
340,Hancock County,Non-English Learners,73,21.0,28.8
340,Hancock County,Non-Students with Disabilities,59,20.0,33.9
340,Hancock County,Students with Disabilities,14,1.0,7.1
340,Hancock County,Super Subgroup,39,7.0,17.9
340,Hancock County,White,72,21.0,29.2
350,Hardeman County Schools,All Students,238,48.0,20.2
350,Hardeman County Schools,Asian,1,,
350,Hardeman County Schools,Black or African American,137,6.0,4.4
350,Hardeman County Schools,Black/Hispanic/Native American,142,7.0,4.9
350,Hardeman County Schools,Economically Disadvantaged,120,7.0,5.8
350,Hardeman County Schools,English Learners with Transitional 1-4,2,,
350,Hardeman County Schools,Hispanic,5,,
350,Hardeman County Schools,Native Hawaiian or Other Pacific Islander,2,,
350,Hardeman County Schools,Non-Economically Disadvantaged,118,41.0,34.7
350,Hardeman County Schools,Non-English Learners,236,48.0,20.3
350,Hardeman County Schools,Non-Students with Disabilities,205,48.0,23.4
350,Hardeman County Schools,Students with Disabilities,33,,
350,Hardeman County Schools,Super Subgroup,172,11.0,6.4
350,Hardeman County Schools,White,93,39.0,41.9
360,Hardin County,All Students,244,98.0,40.2
360,Hardin County,Asian,1,,
360,Hardin County,Black or African American,14,2.0,14.3
360,Hardin County,Black/Hispanic/Native American,18,2.0,11.1
360,Hardin County,Economically Disadvantaged,96,27.0,28.1
360,Hardin County,English Learners with Transitional 1-4,2,,
360,Hardin County,Hispanic,4,,
360,Hardin County,Non-Economically Disadvantaged,148,71.0,48.0
360,Hardin County,Non-English Learners,242,98.0,40.5
360,Hardin County,Non-Students with Disabilities,206,89.0,43.2
360,Hardin County,Students with Disabilities,38,9.0,23.7
360,Hardin County,Super Subgroup,113,30.0,26.5
360,Hardin County,White,225,95.0,42.2
370,Hawkins County,All Students,520,239.0,46.0
370,Hawkins County,American Indian or Alaska Native,4,,
370,Hawkins County,Asian,3,,
370,Hawkins County,Black or African American,12,5.0,41.7
370,Hawkins County,Black/Hispanic/Native American,30,14.0,46.7
370,Hawkins County,Economically Disadvantaged,213,67.0,31.5
370,Hawkins County,Hispanic,14,6.0,42.9
370,Hawkins County,Non-Economically Disadvantaged,307,172.0,56.0
370,Hawkins County,Non-English Learners,520,239.0,46.0
370,Hawkins County,Non-Students with Disabilities,448,234.0,52.2
370,Hawkins County,Students with Disabilities,72,5.0,6.9
370,Hawkins County,Super Subgroup,257,79.0,30.7
370,Hawkins County,White,487,222.0,45.6
380,Haywood County,All Students,179,115.0,64.2
380,Haywood County,Asian,2,,
380,Haywood County,Black or African American,112,71.0,63.4
380,Haywood County,Black/Hispanic/Native American,128,84.0,65.6
380,Haywood County,Economically Disadvantaged,77,40.0,51.9
380,Haywood County,English Learners with Transitional 1-4,7,,
380,Haywood County,Hispanic,16,13.0,81.3
380,Haywood County,Non-Economically Disadvantaged,102,75.0,73.5
380,Haywood County,Non-English Learners,172,111.0,64.5
380,Haywood County,Non-Students with Disabilities,155,100.0,64.5
380,Haywood County,Students with Disabilities,24,15.0,62.5
380,Haywood County,Super Subgroup,152,95.0,62.5
380,Haywood County,White,49,29.0,59.2
390,Henderson County,All Students,344,251.0,73.0
390,Henderson County,American Indian or Alaska Native,1,,
390,Henderson County,Asian,2,,
390,Henderson County,Black or African American,34,17.0,50.0
390,Henderson County,Black/Hispanic/Native American,49,27.0,55.1
390,Henderson County,Economically Disadvantaged,125,78.0,62.4
390,Henderson County,English Learners with Transitional 1-4,3,,
390,Henderson County,Hispanic,14,9.0,64.3
390,Henderson County,Non-Economically Disadvantaged,219,173.0,79.0
390,Henderson County,Non-English Learners,341,251.0,73.6
390,Henderson County,Non-Students with Disabilities,291,229.0,78.7
390,Henderson County,Students with Disabilities,53,22.0,41.5
390,Henderson County,Super Subgroup,169,101.0,59.8
390,Henderson County,White,293,223.0,76.1
400,Henry County,All Students,322,189.0,58.7
400,Henry County,American Indian or Alaska Native,2,,
400,Henry County,Asian,3,,
400,Henry County,Black or African American,32,6.0,18.8
400,Henry County,Black/Hispanic/Native American,46,16.0,34.8
400,Henry County,Economically Disadvantaged,144,58.0,40.3
400,Henry County,English Learners with Transitional 1-4,1,,
400,Henry County,Hispanic,12,9.0,75.0
400,Henry County,Non-Economically Disadvantaged,178,131.0,73.6
400,Henry County,Non-English Learners,321,189.0,58.9
400,Henry County,Non-Students with Disabilities,287,181.0,63.1
400,Henry County,Students with Disabilities,35,8.0,22.9
400,Henry County,Super Subgroup,164,67.0,40.9
400,Henry County,White,273,171.0,62.6
401,Paris,All Students,1,,
401,Paris,Economically Disadvantaged,1,,
401,Paris,Non-English Learners,1,,
401,Paris,Non-Students with Disabilities,1,,
401,Paris,Super Subgroup,1,,
401,Paris,White,1,,
410,Hickman County,All Students,247,93.0,37.7
410,Hickman County,American Indian or Alaska Native,2,,
410,Hickman County,Asian,2,,
410,Hickman County,Black or African American,5,,
410,Hickman County,Black/Hispanic/Native American,16,1.0,6.3
410,Hickman County,Economically Disadvantaged,102,28.0,27.5
410,Hickman County,English Learners with Transitional 1-4,2,,
410,Hickman County,Hispanic,9,,
410,Hickman County,Non-Economically Disadvantaged,145,65.0,44.8
410,Hickman County,Non-English Learners,245,93.0,38.0
410,Hickman County,Non-Students with Disabilities,208,87.0,41.8
410,Hickman County,Students with Disabilities,39,6.0,15.4
410,Hickman County,Super Subgroup,128,33.0,25.8
410,Hickman County,White,229,90.0,39.3
420,Houston County,All Students,79,28.0,35.4
420,Houston County,Asian,1,,
420,Houston County,Black or African American,6,,
420,Houston County,Black/Hispanic/Native American,8,,
420,Houston County,Economically Disadvantaged,31,9.0,29.0
420,Houston County,Hispanic,2,,
420,Houston County,Non-Economically Disadvantaged,48,19.0,39.6
420,Houston County,Non-English Learners,79,28.0,35.4
420,Houston County,Non-Students with Disabilities,68,27.0,39.7
420,Houston County,Students with Disabilities,11,1.0,9.1
420,Houston County,Super Subgroup,41,11.0,26.8
420,Houston County,White,70,27.0,38.6
430,Humphreys County,All Students,203,88.0,43.3
430,Humphreys County,Asian,3,,
430,Humphreys County,Black or African American,9,,
430,Humphreys County,Black/Hispanic/Native American,14,4.0,28.6
430,Humphreys County,Economically Disadvantaged,60,19.0,31.7
430,Humphreys County,Hispanic,5,,
430,Humphreys County,Native Hawaiian or Other Pacific Islander,1,,
430,Humphreys County,Non-Economically Disadvantaged,143,69.0,48.3
430,Humphreys County,Non-English Learners,203,88.0,43.3
430,Humphreys County,Non-Students with Disabilities,178,83.0,46.6
430,Humphreys County,Students with Disabilities,25,5.0,20.0
430,Humphreys County,Super Subgroup,81,25.0,30.9
430,Humphreys County,White,185,81.0,43.8
440,Jackson County,All Students,114,76.0,66.7
440,Jackson County,American Indian or Alaska Native,2,,
440,Jackson County,Black or African American,3,,
440,Jackson County,Black/Hispanic/Native American,9,,
440,Jackson County,Economically Disadvantaged,60,38.0,63.3
440,Jackson County,Hispanic,4,,
440,Jackson County,Non-Economically Disadvantaged,54,38.0,70.4
440,Jackson County,Non-English Learners,114,76.0,66.7
440,Jackson County,Non-Students with Disabilities,89,62.0,69.7
440,Jackson County,Students with Disabilities,25,14.0,56.0
440,Jackson County,Super Subgroup,68,41.0,60.3
440,Jackson County,White,105,73.0,69.5
450,Jefferson County,All Students,470,247.0,52.6
450,Jefferson County,American Indian or Alaska Native,3,,
450,Jefferson County,Asian,3,,
450,Jefferson County,Black or African American,17,7.0,41.2
450,Jefferson County,Black/Hispanic/Native American,60,27.0,45.0
450,Jefferson County,Economically Disadvantaged,148,54.0,36.5
450,Jefferson County,English Learners with Transitional 1-4,14,6.0,42.9
450,Jefferson County,Hispanic,40,17.0,42.5
450,Jefferson County,Native Hawaiian or Other Pacific Islander,1,,
450,Jefferson County,Non-Economically Disadvantaged,322,193.0,59.9
450,Jefferson County,Non-English Learners,456,241.0,52.9
450,Jefferson County,Non-Students with Disabilities,413,238.0,57.6
450,Jefferson County,Students with Disabilities,57,9.0,15.8
450,Jefferson County,Super Subgroup,197,69.0,35.0
450,Jefferson County,White,406,216.0,53.2
460,Johnson County,All Students,219,71.0,32.4
460,Johnson County,American Indian or Alaska Native,1,,
460,Johnson County,Asian,1,,
460,Johnson County,Black or African American,11,,
460,Johnson County,Black/Hispanic/Native American,22,4.0,18.2
460,Johnson County,Economically Disadvantaged,95,25.0,26.3
460,Johnson County,English Learners with Transitional 1-4,2,,
460,Johnson County,Hispanic,10,3.0,30.0
460,Johnson County,Non-Economically Disadvantaged,124,46.0,37.1
460,Johnson County,Non-English Learners,217,71.0,32.7
460,Johnson County,Non-Students with Disabilities,188,68.0,36.2
460,Johnson County,Students with Disabilities,31,3.0,9.7
460,Johnson County,Super Subgroup,120,30.0,25.0
460,Johnson County,White,196,66.0,33.7
470,Knox County,All Students,4456,1946.0,43.7
470,Knox County,American Indian or Alaska Native,21,10.0,47.6
470,Knox County,Asian,143,92.0,64.3
470,Knox County,Black or African American,704,135.0,19.2
470,Knox County,Black/Hispanic/Native American,1183,241.0,20.4
470,Knox County,Economically Disadvantaged,1182,219.0,18.5
470,Knox County,English Learners with Transitional 1-4,230,12.0,5.2
470,Knox County,Hispanic,458,96.0,21.0
470,Knox County,Native Hawaiian or Other Pacific Islander,4,,
470,Knox County,Non-Economically Disadvantaged,3274,1727.0,52.7
470,Knox County,Non-English Learners,4226,1934.0,45.8
470,Knox County,Non-Students with Disabilities,3855,1891.0,49.1
470,Knox County,Students with Disabilities,601,55.0,9.2
470,Knox County,Super Subgroup,2087,423.0,20.3
470,Knox County,White,3126,1610.0,51.5
480,Lake County,All Students,50,16.0,32.0
480,Lake County,Black or African American,15,2.0,13.3
480,Lake County,Black/Hispanic/Native American,17,3.0,17.6
480,Lake County,Economically Disadvantaged,28,6.0,21.4
480,Lake County,Hispanic,2,,
480,Lake County,Non-Economically Disadvantaged,22,10.0,45.5
480,Lake County,Non-English Learners,50,16.0,32.0
480,Lake County,Non-Students with Disabilities,39,14.0,35.9
480,Lake County,Students with Disabilities,11,2.0,18.2
480,Lake County,Super Subgroup,35,9.0,25.7
480,Lake County,White,33,13.0,39.4
490,Lauderdale County,All Students,239,90.0,37.7
490,Lauderdale County,Asian,2,,
490,Lauderdale County,Black or African American,117,30.0,25.6
490,Lauderdale County,Black/Hispanic/Native American,126,33.0,26.2
490,Lauderdale County,Economically Disadvantaged,120,29.0,24.2
490,Lauderdale County,English Learners with Transitional 1-4,4,,
490,Lauderdale County,Hispanic,9,,
490,Lauderdale County,Non-Economically Disadvantaged,119,61.0,51.3
490,Lauderdale County,Non-English Learners,235,89.0,37.9
490,Lauderdale County,Non-Students with Disabilities,201,82.0,40.8
490,Lauderdale County,Students with Disabilities,38,8.0,21.1
490,Lauderdale County,Super Subgroup,170,48.0,28.2
490,Lauderdale County,White,111,55.0,49.5
500,Lawrence County,All Students,503,326.0,64.8
500,Lawrence County,American Indian or Alaska Native,1,,
500,Lawrence County,Asian,2,,
500,Lawrence County,Black or African American,19,8.0,42.1
500,Lawrence County,Black/Hispanic/Native American,37,18.0,48.6
500,Lawrence County,Economically Disadvantaged,185,89.0,48.1
500,Lawrence County,English Learners with Transitional 1-4,5,,
500,Lawrence County,Hispanic,17,9.0,52.9
500,Lawrence County,Non-Economically Disadvantaged,318,237.0,74.5
500,Lawrence County,Non-English Learners,498,323.0,64.9
500,Lawrence County,Non-Students with Disabilities,444,302.0,68.0
500,Lawrence County,Students with Disabilities,59,24.0,40.7
500,Lawrence County,Super Subgroup,221,110.0,49.8
500,Lawrence County,White,464,306.0,65.9
510,Lewis County,All Students,107,81.0,75.7
510,Lewis County,Black or African American,5,,
510,Lewis County,Black/Hispanic/Native American,7,,
510,Lewis County,Economically Disadvantaged,33,19.0,57.6
510,Lewis County,Hispanic,2,,
510,Lewis County,Non-Economically Disadvantaged,74,62.0,83.8
510,Lewis County,Non-English Learners,107,81.0,75.7
510,Lewis County,Non-Students with Disabilities,96,74.0,77.1
510,Lewis County,Students with Disabilities,11,7.0,63.6
510,Lewis County,Super Subgroup,40,24.0,60.0
510,Lewis County,White,100,78.0,78.0
520,Lincoln County,All Students,256,118.0,46.1
520,Lincoln County,American Indian or Alaska Native,1,,
520,Lincoln County,Asian,2,,
520,Lincoln County,Black or African American,5,,
520,Lincoln County,Black/Hispanic/Native American,25,11.0,44.0
520,Lincoln County,Economically Disadvantaged,111,39.0,35.1
520,Lincoln County,English Learners with Transitional 1-4,2,,
520,Lincoln County,Hispanic,19,9.0,47.4
520,Lincoln County,Non-Economically Disadvantaged,145,79.0,54.5
520,Lincoln County,Non-English Learners,254,118.0,46.5
520,Lincoln County,Non-Students with Disabilities,232,117.0,50.4
520,Lincoln County,Students with Disabilities,24,1.0,4.2
520,Lincoln County,Super Subgroup,123,42.0,34.1
520,Lincoln County,White,229,106.0,46.3
521,Fayetteville,All Students,87,33.0,37.9
521,Fayetteville,Black or African American,37,7.0,18.9
521,Fayetteville,Black/Hispanic/Native American,42,7.0,16.7
521,Fayetteville,Economically Disadvantaged,47,7.0,14.9
521,Fayetteville,English Learners with Transitional 1-4,1,,
521,Fayetteville,Hispanic,5,,
521,Fayetteville,Native Hawaiian or Other Pacific Islander,1,,
521,Fayetteville,Non-Economically Disadvantaged,40,26.0,65.0
521,Fayetteville,Non-English Learners,86,33.0,38.4
521,Fayetteville,Non-Students with Disabilities,75,33.0,44.0
521,Fayetteville,Students with Disabilities,12,,
521,Fayetteville,Super Subgroup,59,11.0,18.6
521,Fayetteville,White,44,26.0,59.1
530,Loudon County,All Students,216,99.0,45.8
530,Loudon County,American Indian or Alaska Native,1,,
530,Loudon County,Asian,2,,
530,Loudon County,Black or African American,6,,
530,Loudon County,Black/Hispanic/Native American,40,12.0,30.0
530,Loudon County,Economically Disadvantaged,64,20.0,31.3
530,Loudon County,English Learners with Transitional 1-4,5,,
530,Loudon County,Hispanic,33,10.0,30.3
530,Loudon County,Non-Economically Disadvantaged,152,79.0,52.0
530,Loudon County,Non-English Learners,211,99.0,46.9
530,Loudon County,Non-Students with Disabilities,187,95.0,50.8
530,Loudon County,Students with Disabilities,29,4.0,13.8
530,Loudon County,Super Subgroup,104,32.0,30.8
530,Loudon County,White,174,85.0,48.9
531,Lenoir City,All Students,319,125.0,39.2
531,Lenoir City,American Indian or Alaska Native,1,,
531,Lenoir City,Asian,10,5.0,50.0
531,Lenoir City,Black or African American,5,,
531,Lenoir City,Black/Hispanic/Native American,96,25.0,26.0
531,Lenoir City,Economically Disadvantaged,80,23.0,28.8
531,Lenoir City,English Learners with Transitional 1-4,31,2.0,6.5
531,Lenoir City,Hispanic,90,24.0,26.7
531,Lenoir City,Non-Economically Disadvantaged,239,102.0,42.7
531,Lenoir City,Non-English Learners,288,123.0,42.7
531,Lenoir City,Non-Students with Disabilities,289,121.0,41.9
531,Lenoir City,Students with Disabilities,30,4.0,13.3
531,Lenoir City,Super Subgroup,162,40.0,24.7
531,Lenoir City,White,213,95.0,44.6
540,McMinn County,All Students,434,222.0,51.2
540,McMinn County,American Indian or Alaska Native,3,,
540,McMinn County,Asian,7,,
540,McMinn County,Black or African American,38,13.0,34.2
540,McMinn County,Black/Hispanic/Native American,75,33.0,44.0
540,McMinn County,Economically Disadvantaged,162,65.0,40.1
540,McMinn County,English Learners with Transitional 1-4,3,,
540,McMinn County,Hispanic,34,18.0,52.9
540,McMinn County,Native Hawaiian or Other Pacific Islander,1,,
540,McMinn County,Non-Economically Disadvantaged,272,157.0,57.7
540,McMinn County,Non-English Learners,431,220.0,51.0
540,McMinn County,Non-Students with Disabilities,379,216.0,57.0
540,McMinn County,Students with Disabilities,55,6.0,10.9
540,McMinn County,Super Subgroup,223,84.0,37.7
540,McMinn County,White,351,182.0,51.9
550,McNairy County,All Students,350,210.0,60.0
550,McNairy County,American Indian or Alaska Native,1,,
550,McNairy County,Asian,1,,
550,McNairy County,Black or African American,32,17.0,53.1
550,McNairy County,Black/Hispanic/Native American,43,24.0,55.8
550,McNairy County,Economically Disadvantaged,127,64.0,50.4
550,McNairy County,Hispanic,10,7.0,70.0
550,McNairy County,Non-Economically Disadvantaged,223,146.0,65.5
550,McNairy County,Non-English Learners,350,210.0,60.0
550,McNairy County,Non-Students with Disabilities,308,198.0,64.3
550,McNairy County,Students with Disabilities,42,12.0,28.6
550,McNairy County,Super Subgroup,166,81.0,48.8
550,McNairy County,White,306,185.0,60.5
560,Macon County,All Students,248,195.0,78.6
560,Macon County,American Indian or Alaska Native,2,,
560,Macon County,Asian,1,,
560,Macon County,Black or African American,5,,
560,Macon County,Black/Hispanic/Native American,31,24.0,77.4
560,Macon County,Economically Disadvantaged,90,66.0,73.3
560,Macon County,English Learners with Transitional 1-4,4,,
560,Macon County,Hispanic,24,19.0,79.2
560,Macon County,Non-Economically Disadvantaged,158,129.0,81.6
560,Macon County,Non-English Learners,244,191.0,78.3
560,Macon County,Non-Students with Disabilities,210,171.0,81.4
560,Macon County,Students with Disabilities,38,24.0,63.2
560,Macon County,Super Subgroup,123,87.0,70.7
560,Macon County,White,216,170.0,78.7
570,Madison County,All Students,866,383.0,44.2
570,Madison County,American Indian or Alaska Native,3,,
570,Madison County,Asian,17,11.0,64.7
570,Madison County,Black or African American,537,195.0,36.3
570,Madison County,Black/Hispanic/Native American,633,239.0,37.8
570,Madison County,Economically Disadvantaged,422,124.0,29.4
570,Madison County,English Learners with Transitional 1-4,29,8.0,27.6
570,Madison County,Hispanic,93,43.0,46.2
570,Madison County,Non-Economically Disadvantaged,444,259.0,58.3
570,Madison County,Non-English Learners,837,375.0,44.8
570,Madison County,Non-Students with Disabilities,739,361.0,48.8
570,Madison County,Students with Disabilities,127,22.0,17.3
570,Madison County,Super Subgroup,707,267.0,37.8
570,Madison County,White,216,133.0,61.6
580,Marion County,All Students,284,149.0,52.5
580,Marion County,American Indian or Alaska Native,1,,
580,Marion County,Asian,2,,
580,Marion County,Black or African American,26,9.0,34.6
580,Marion County,Black/Hispanic/Native American,31,12.0,38.7
580,Marion County,Economically Disadvantaged,125,51.0,40.8
580,Marion County,Hispanic,4,,
580,Marion County,Non-Economically Disadvantaged,159,98.0,61.6
580,Marion County,Non-English Learners,284,149.0,52.5
580,Marion County,Non-Students with Disabilities,242,138.0,57.0
580,Marion County,Students with Disabilities,42,11.0,26.2
580,Marion County,Super Subgroup,151,62.0,41.1
580,Marion County,White,251,136.0,54.2
581,Richard City,All Students,24,2.0,8.3
581,Richard City,Black or African American,4,,
581,Richard City,Black/Hispanic/Native American,4,,
581,Richard City,Economically Disadvantaged,17,1.0,5.9
581,Richard City,Non-Economically Disadvantaged,7,,
581,Richard City,Non-English Learners,24,2.0,8.3
581,Richard City,Non-Students with Disabilities,20,2.0,10.0
581,Richard City,Students with Disabilities,4,,
581,Richard City,Super Subgroup,18,1.0,5.6
581,Richard City,White,20,2.0,10.0
590,Marshall County,All Students,363,165.0,45.5
590,Marshall County,American Indian or Alaska Native,1,,
590,Marshall County,Asian,5,,
590,Marshall County,Black or African American,33,8.0,24.2
590,Marshall County,Black/Hispanic/Native American,62,24.0,38.7
590,Marshall County,Economically Disadvantaged,109,34.0,31.2
590,Marshall County,English Learners with Transitional 1-4,2,,
590,Marshall County,Hispanic,28,16.0,57.1
590,Marshall County,Non-Economically Disadvantaged,254,131.0,51.6
590,Marshall County,Non-English Learners,361,165.0,45.7
590,Marshall County,Non-Students with Disabilities,337,164.0,48.7
590,Marshall County,Students with Disabilities,26,1.0,3.8
590,Marshall County,Super Subgroup,151,46.0,30.5
590,Marshall County,White,296,137.0,46.3
600,Maury County,All Students,884,311.0,35.2
600,Maury County,American Indian or Alaska Native,4,,
600,Maury County,Asian,8,,
600,Maury County,Black or African American,152,15.0,9.9
600,Maury County,Black/Hispanic/Native American,264,40.0,15.2
600,Maury County,Economically Disadvantaged,278,44.0,15.8
600,Maury County,English Learners with Transitional 1-4,28,2.0,7.1
600,Maury County,Hispanic,108,23.0,21.3
600,Maury County,Native Hawaiian or Other Pacific Islander,1,,
600,Maury County,Non-Economically Disadvantaged,606,267.0,44.1
600,Maury County,Non-English Learners,856,309.0,36.1
600,Maury County,Non-Students with Disabilities,773,296.0,38.3
600,Maury County,Students with Disabilities,111,15.0,13.5
600,Maury County,Super Subgroup,447,78.0,17.4
600,Maury County,White,611,265.0,43.4
610,Meigs County,All Students,120,79.0,65.8
610,Meigs County,Black or African American,2,,
610,Meigs County,Black/Hispanic/Native American,4,,
610,Meigs County,Economically Disadvantaged,50,28.0,56.0
610,Meigs County,Hispanic,2,,
610,Meigs County,Native Hawaiian or Other Pacific Islander,1,,
610,Meigs County,Non-Economically Disadvantaged,70,51.0,72.9
610,Meigs County,Non-English Learners,120,79.0,65.8
610,Meigs County,Non-Students with Disabilities,102,72.0,70.6
610,Meigs County,Students with Disabilities,18,7.0,38.9
610,Meigs County,Super Subgroup,56,30.0,53.6
610,Meigs County,White,115,74.0,64.3
620,Monroe County,All Students,478,204.0,42.7
620,Monroe County,American Indian or Alaska Native,2,,
620,Monroe County,Asian,2,,
620,Monroe County,Black or African American,19,6.0,31.6
620,Monroe County,Black/Hispanic/Native American,58,13.0,22.4
620,Monroe County,Economically Disadvantaged,187,50.0,26.7
620,Monroe County,English Learners with Transitional 1-4,6,,
620,Monroe County,Hispanic,37,6.0,16.2
620,Monroe County,Native Hawaiian or Other Pacific Islander,1,,
620,Monroe County,Non-Economically Disadvantaged,291,154.0,52.9
620,Monroe County,Non-English Learners,472,204.0,43.2
620,Monroe County,Non-Students with Disabilities,404,197.0,48.8
620,Monroe County,Students with Disabilities,74,7.0,9.5
620,Monroe County,Super Subgroup,241,63.0,26.1
620,Monroe County,White,417,189.0,45.3
630,Montgomery County,All Students,2371,862.0,36.4
630,Montgomery County,American Indian or Alaska Native,20,11.0,55.0
630,Montgomery County,Asian,76,40.0,52.6
630,Montgomery County,Black or African American,749,148.0,19.8
630,Montgomery County,Black/Hispanic/Native American,1082,237.0,21.9
630,Montgomery County,Economically Disadvantaged,737,130.0,17.6
630,Montgomery County,English Learners with Transitional 1-4,71,1.0,1.4
630,Montgomery County,Hispanic,313,78.0,24.9
630,Montgomery County,Native Hawaiian or Other Pacific Islander,27,11.0,40.7
630,Montgomery County,Non-Economically Disadvantaged,1634,732.0,44.8
630,Montgomery County,Non-English Learners,2300,861.0,37.4
630,Montgomery County,Non-Students with Disabilities,2080,856.0,41.2
630,Montgomery County,Students with Disabilities,291,6.0,2.1
630,Montgomery County,Super Subgroup,1430,328.0,22.9
630,Montgomery County,White,1186,574.0,48.4
640,Moore County,All Students,82,33.0,40.2
640,Moore County,Asian,3,,
640,Moore County,Black or African American,4,,
640,Moore County,Black/Hispanic/Native American,4,,
640,Moore County,Economically Disadvantaged,22,4.0,18.2
640,Moore County,Non-Economically Disadvantaged,60,29.0,48.3
640,Moore County,Non-English Learners,82,33.0,40.2
640,Moore County,Non-Students with Disabilities,68,33.0,48.5
640,Moore County,Students with Disabilities,14,,
640,Moore County,Super Subgroup,32,6.0,18.8
640,Moore County,White,75,30.0,40.0
650,Morgan County,All Students,223,64.0,28.7
650,Morgan County,Black or African American,3,,
650,Morgan County,Black/Hispanic/Native American,8,,
650,Morgan County,Economically Disadvantaged,108,21.0,19.4
650,Morgan County,English Learners with Transitional 1-4,2,,
650,Morgan County,Hispanic,5,,
650,Morgan County,Non-Economically Disadvantaged,115,43.0,37.4
650,Morgan County,Non-English Learners,221,64.0,29.0
650,Morgan County,Non-Students with Disabilities,195,61.0,31.3
650,Morgan County,Students with Disabilities,28,3.0,10.7
650,Morgan County,Super Subgroup,121,24.0,19.8
650,Morgan County,White,215,63.0,29.3
660,Obion County,All Students,217,79.0,36.4
660,Obion County,Black or African American,16,3.0,18.8
660,Obion County,Black/Hispanic/Native American,31,3.0,9.7
660,Obion County,Economically Disadvantaged,90,24.0,26.7
660,Obion County,English Learners with Transitional 1-4,4,,
660,Obion County,Hispanic,15,,
660,Obion County,Native Hawaiian or Other Pacific Islander,1,,
660,Obion County,Non-Economically Disadvantaged,127,55.0,43.3
660,Obion County,Non-English Learners,213,79.0,37.1
660,Obion County,Non-Students with Disabilities,183,77.0,42.1
660,Obion County,Students with Disabilities,34,2.0,5.9
660,Obion County,Super Subgroup,123,28.0,22.8
660,Obion County,White,185,75.0,40.5
661,Union City,All Students,112,56.0,50.0
661,Union City,Black or African American,42,11.0,26.2
661,Union City,Black/Hispanic/Native American,56,18.0,32.1
661,Union City,Economically Disadvantaged,39,14.0,35.9
661,Union City,Hispanic,14,7.0,50.0
661,Union City,Non-Economically Disadvantaged,73,42.0,57.5
661,Union City,Non-English Learners,112,56.0,50.0
661,Union City,Non-Students with Disabilities,97,56.0,57.7
661,Union City,Students with Disabilities,15,,
661,Union City,Super Subgroup,65,21.0,32.3
661,Union City,White,56,38.0,67.9
670,Overton County,All Students,222,146.0,65.8
670,Overton County,Asian,1,,
670,Overton County,Black or African American,5,,
670,Overton County,Black/Hispanic/Native American,7,,
670,Overton County,Economically Disadvantaged,63,21.0,33.3
670,Overton County,English Learners with Transitional 1-4,1,,
670,Overton County,Hispanic,2,,
670,Overton County,Non-Economically Disadvantaged,159,125.0,78.6
670,Overton County,Non-English Learners,221,145.0,65.6
670,Overton County,Non-Students with Disabilities,196,134.0,68.4
670,Overton County,Students with Disabilities,26,12.0,46.2
670,Overton County,Super Subgroup,81,31.0,38.3
670,Overton County,White,214,140.0,65.4
680,Perry County,All Students,80,57.0,71.3
680,Perry County,American Indian or Alaska Native,1,,
680,Perry County,Black or African American,4,,
680,Perry County,Black/Hispanic/Native American,8,,
680,Perry County,Economically Disadvantaged,37,22.0,59.5
680,Perry County,Hispanic,3,,
680,Perry County,Native Hawaiian or Other Pacific Islander,1,,
680,Perry County,Non-Economically Disadvantaged,43,35.0,81.4
680,Perry County,Non-English Learners,80,57.0,71.3
680,Perry County,Non-Students with Disabilities,66,50.0,75.8
680,Perry County,Students with Disabilities,14,7.0,50.0
680,Perry County,Super Subgroup,42,25.0,59.5
680,Perry County,White,71,51.0,71.8
690,Pickett County,All Students,52,20.0,38.5
690,Pickett County,Asian,1,,
690,Pickett County,Black or African American,1,,
690,Pickett County,Black/Hispanic/Native American,2,,
690,Pickett County,Economically Disadvantaged,14,1.0,7.1
690,Pickett County,Hispanic,1,,
690,Pickett County,Non-Economically Disadvantaged,38,19.0,50.0
690,Pickett County,Non-English Learners,52,20.0,38.5
690,Pickett County,Non-Students with Disabilities,48,20.0,41.7
690,Pickett County,Students with Disabilities,4,,
690,Pickett County,Super Subgroup,18,1.0,5.6
690,Pickett County,White,49,19.0,38.8
700,Polk County,All Students,171,44.0,25.7
700,Polk County,Black or African American,2,,
700,Polk County,Black/Hispanic/Native American,5,,
700,Polk County,Economically Disadvantaged,82,10.0,12.2
700,Polk County,Hispanic,3,,
700,Polk County,Non-Economically Disadvantaged,89,34.0,38.2
700,Polk County,Non-English Learners,171,44.0,25.7
700,Polk County,Non-Students with Disabilities,154,43.0,27.9
700,Polk County,Students with Disabilities,17,1.0,5.9
700,Polk County,Super Subgroup,89,11.0,12.4
700,Polk County,White,166,44.0,26.5
710,Putnam County,All Students,932,409.0,43.9
710,Putnam County,American Indian or Alaska Native,5,,
710,Putnam County,Asian,20,16.0,80.0
710,Putnam County,Black or African American,39,13.0,33.3
710,Putnam County,Black/Hispanic/Native American,190,38.0,20.0
710,Putnam County,Economically Disadvantaged,309,74.0,23.9
710,Putnam County,English Learners with Transitional 1-4,67,4.0,6.0
710,Putnam County,Hispanic,146,24.0,16.4
710,Putnam County,Native Hawaiian or Other Pacific Islander,1,,
710,Putnam County,Non-Economically Disadvantaged,623,335.0,53.8
710,Putnam County,Non-English Learners,865,405.0,46.8
710,Putnam County,Non-Students with Disabilities,793,387.0,48.8
710,Putnam County,Students with Disabilities,139,22.0,15.8
710,Putnam County,Super Subgroup,463,116.0,25.1
710,Putnam County,White,721,354.0,49.1
720,Rhea County,All Students,328,138.0,42.1
720,Rhea County,American Indian or Alaska Native,1,,
720,Rhea County,Asian,5,,
720,Rhea County,Black or African American,17,4.0,23.5
720,Rhea County,Black/Hispanic/Native American,51,13.0,25.5
720,Rhea County,Economically Disadvantaged,132,40.0,30.3
720,Rhea County,English Learners with Transitional 1-4,7,,
720,Rhea County,Hispanic,33,9.0,27.3
720,Rhea County,Non-Economically Disadvantaged,196,98.0,50.0
720,Rhea County,Non-English Learners,321,136.0,42.4
720,Rhea County,Non-Students with Disabilities,298,134.0,45.0
720,Rhea County,Students with Disabilities,30,4.0,13.3
720,Rhea County,Super Subgroup,160,45.0,28.1
720,Rhea County,White,272,121.0,44.5
730,Roane County,All Students,454,239.0,52.6
730,Roane County,American Indian or Alaska Native,4,,
730,Roane County,Asian,2,,
730,Roane County,Black or African American,17,5.0,29.4
730,Roane County,Black/Hispanic/Native American,30,12.0,40.0
730,Roane County,Economically Disadvantaged,162,52.0,32.1
730,Roane County,English Learners with Transitional 1-4,2,,
730,Roane County,Hispanic,9,,
730,Roane County,Native Hawaiian or Other Pacific Islander,1,,
730,Roane County,Non-Economically Disadvantaged,292,187.0,64.0
730,Roane County,Non-English Learners,452,239.0,52.9
730,Roane County,Non-Students with Disabilities,392,224.0,57.1
730,Roane County,Students with Disabilities,62,15.0,24.2
730,Roane County,Super Subgroup,204,68.0,33.3
730,Roane County,White,421,226.0,53.7
740,Robertson County,All Students,1214,306.0,25.2
740,Robertson County,American Indian or Alaska Native,8,,
740,Robertson County,Asian,13,8.0,61.5
740,Robertson County,Black or African American,164,12.0,7.3
740,Robertson County,Black/Hispanic/Native American,348,33.0,9.5
740,Robertson County,Economically Disadvantaged,455,50.0,11.0
740,Robertson County,English Learners with Transitional 1-4,51,,
740,Robertson County,Hispanic,176,20.0,11.4
740,Robertson County,Native Hawaiian or Other Pacific Islander,2,,
740,Robertson County,Non-Economically Disadvantaged,759,256.0,33.7
740,Robertson County,Non-English Learners,1163,306.0,26.3
740,Robertson County,Non-Students with Disabilities,1049,300.0,28.6
740,Robertson County,Students with Disabilities,165,6.0,3.6
740,Robertson County,Super Subgroup,668,75.0,11.2
740,Robertson County,White,851,265.0,31.1
750,Rutherford County,All Students,4130,1806.0,43.7
750,Rutherford County,American Indian or Alaska Native,14,5.0,35.7
750,Rutherford County,Asian,218,119.0,54.6
750,Rutherford County,Black or African American,911,266.0,29.2
750,Rutherford County,Black/Hispanic/Native American,1646,460.0,27.9
750,Rutherford County,Economically Disadvantaged,1142,252.0,22.1
750,Rutherford County,English Learners with Transitional 1-4,277,12.0,4.3
750,Rutherford County,Hispanic,721,189.0,26.2
750,Rutherford County,Native Hawaiian or Other Pacific Islander,12,4.0,33.3
750,Rutherford County,Non-Economically Disadvantaged,2988,1554.0,52.0
750,Rutherford County,Non-English Learners,3853,1794.0,46.6
750,Rutherford County,Non-Students with Disabilities,3798,1781.0,46.9
750,Rutherford County,Students with Disabilities,332,25.0,7.5
750,Rutherford County,Super Subgroup,2277,632.0,27.8
750,Rutherford County,White,2254,1223.0,54.3
760,Scott County,All Students,187,62.0,33.2
760,Scott County,American Indian or Alaska Native,1,,
760,Scott County,Black or African American,1,,
760,Scott County,Black/Hispanic/Native American,4,,
760,Scott County,Economically Disadvantaged,112,29.0,25.9
760,Scott County,Hispanic,2,,
760,Scott County,Non-Economically Disadvantaged,75,33.0,44.0
760,Scott County,Non-English Learners,187,62.0,33.2
760,Scott County,Non-Students with Disabilities,161,61.0,37.9
760,Scott County,Students with Disabilities,26,1.0,3.8
760,Scott County,Super Subgroup,120,29.0,24.2
760,Scott County,White,183,61.0,33.3
761,Oneida,All Students,77,45.0,58.4
761,Oneida,Black/Hispanic/Native American,2,,
761,Oneida,Economically Disadvantaged,19,5.0,26.3
761,Oneida,Hispanic,2,,
761,Oneida,Non-Economically Disadvantaged,58,40.0,69.0
761,Oneida,Non-English Learners,77,45.0,58.4
761,Oneida,Non-Students with Disabilities,70,44.0,62.9
761,Oneida,Students with Disabilities,7,,
761,Oneida,Super Subgroup,23,5.0,21.7
761,Oneida,White,75,44.0,58.7
770,Sequatchie County,All Students,172,45.0,26.2
770,Sequatchie County,American Indian or Alaska Native,3,,
770,Sequatchie County,Asian,1,,
770,Sequatchie County,Black or African American,1,,
770,Sequatchie County,Black/Hispanic/Native American,19,4.0,21.1
770,Sequatchie County,Economically Disadvantaged,67,12.0,17.9
770,Sequatchie County,English Learners with Transitional 1-4,2,,
770,Sequatchie County,Hispanic,15,2.0,13.3
770,Sequatchie County,Non-Economically Disadvantaged,105,33.0,31.4
770,Sequatchie County,Non-English Learners,170,44.0,25.9
770,Sequatchie County,Non-Students with Disabilities,152,45.0,29.6
770,Sequatchie County,Students with Disabilities,20,,
770,Sequatchie County,Super Subgroup,83,14.0,16.9
770,Sequatchie County,White,152,41.0,27.0
780,Sevier County,All Students,1027,458.0,44.6
780,Sevier County,American Indian or Alaska Native,1,,
780,Sevier County,Asian,21,16.0,76.2
780,Sevier County,Black or African American,14,5.0,35.7
780,Sevier County,Black/Hispanic/Native American,174,34.0,19.5
780,Sevier County,Economically Disadvantaged,295,85.0,28.8
780,Sevier County,English Learners with Transitional 1-4,91,4.0,4.4
780,Sevier County,Hispanic,159,29.0,18.2
780,Sevier County,Native Hawaiian or Other Pacific Islander,1,,
780,Sevier County,Non-Economically Disadvantaged,732,373.0,51.0
780,Sevier County,Non-English Learners,936,454.0,48.5
780,Sevier County,Non-Students with Disabilities,914,451.0,49.3
780,Sevier County,Students with Disabilities,113,7.0,6.2
780,Sevier County,Super Subgroup,474,115.0,24.3
780,Sevier County,White,831,408.0,49.1
792,Memphis-Shelby County Schools,All Students,7563,1978.0,26.2
792,Memphis-Shelby County Schools,American Indian or Alaska Native,18,4.0,22.2
792,Memphis-Shelby County Schools,Asian,132,76.0,57.6
792,Memphis-Shelby County Schools,Black or African American,5823,1374.0,23.6
792,Memphis-Shelby County Schools,Black/Hispanic/Native American,7003,1678.0,24.0
792,Memphis-Shelby County Schools,Economically Disadvantaged,4872,992.0,20.4
792,Memphis-Shelby County Schools,English Learners with Transitional 1-4,661,70.0,10.6
792,Memphis-Shelby County Schools,Hispanic,1162,300.0,25.8
792,Memphis-Shelby County Schools,Native Hawaiian or Other Pacific Islander,8,,
792,Memphis-Shelby County Schools,Non-Economically Disadvantaged,2691,986.0,36.6
792,Memphis-Shelby County Schools,Non-English Learners,6902,1908.0,27.6
792,Memphis-Shelby County Schools,Non-Students with Disabilities,6563,1897.0,28.9
792,Memphis-Shelby County Schools,Students with Disabilities,1000,81.0,8.1
792,Memphis-Shelby County Schools,Super Subgroup,7241,1738.0,24.0
792,Memphis-Shelby County Schools,White,420,220.0,52.4
793,Arlington,All Students,541,339.0,62.7
793,Arlington,Asian,23,20.0,87.0
793,Arlington,Black or African American,87,43.0,49.4
793,Arlington,Black/Hispanic/Native American,132,62.0,47.0
793,Arlington,Economically Disadvantaged,45,18.0,40.0
793,Arlington,English Learners with Transitional 1-4,15,3.0,20.0
793,Arlington,Hispanic,45,19.0,42.2
793,Arlington,Native Hawaiian or Other Pacific Islander,1,,
793,Arlington,Non-Economically Disadvantaged,496,321.0,64.7
793,Arlington,Non-English Learners,526,336.0,63.9
793,Arlington,Non-Students with Disabilities,493,332.0,67.3
793,Arlington,Students with Disabilities,48,7.0,14.6
793,Arlington,Super Subgroup,193,83.0,43.0
793,Arlington,White,385,257.0,66.8
794,Bartlett,All Students,620,342.0,55.2
794,Bartlett,American Indian or Alaska Native,3,,
794,Bartlett,Asian,36,27.0,75.0
794,Bartlett,Black or African American,218,82.0,37.6
794,Bartlett,Black/Hispanic/Native American,264,107.0,40.5
794,Bartlett,Economically Disadvantaged,118,38.0,32.2
794,Bartlett,English Learners with Transitional 1-4,10,1.0,10.0
794,Bartlett,Hispanic,43,24.0,55.8
794,Bartlett,Native Hawaiian or Other Pacific Islander,3,,
794,Bartlett,Non-Economically Disadvantaged,502,304.0,60.6
794,Bartlett,Non-English Learners,610,341.0,55.9
794,Bartlett,Non-Students with Disabilities,558,329.0,59.0
794,Bartlett,Students with Disabilities,62,13.0,21.0
794,Bartlett,Super Subgroup,351,140.0,39.9
794,Bartlett,White,317,205.0,64.7
795,Collierville,All Students,743,556.0,74.8
795,Collierville,American Indian or Alaska Native,4,,
795,Collierville,Asian,95,81.0,85.3
795,Collierville,Black or African American,169,92.0,54.4
795,Collierville,Black/Hispanic/Native American,227,118.0,52.0
795,Collierville,Economically Disadvantaged,67,24.0,35.8
795,Collierville,English Learners with Transitional 1-4,18,7.0,38.9
795,Collierville,Hispanic,54,24.0,44.4
795,Collierville,Native Hawaiian or Other Pacific Islander,2,,
795,Collierville,Non-Economically Disadvantaged,676,532.0,78.7
795,Collierville,Non-English Learners,725,549.0,75.7
795,Collierville,Non-Students with Disabilities,672,531.0,79.0
795,Collierville,Students with Disabilities,71,25.0,35.2
795,Collierville,Super Subgroup,293,154.0,52.6
795,Collierville,White,419,356.0,85.0
796,Germantown,All Students,495,346.0,69.9
796,Germantown,American Indian or Alaska Native,1,,
796,Germantown,Asian,55,46.0,83.6
796,Germantown,Black or African American,67,34.0,50.7
796,Germantown,Black/Hispanic/Native American,89,48.0,53.9
796,Germantown,Economically Disadvantaged,37,12.0,32.4
796,Germantown,English Learners with Transitional 1-4,6,,
796,Germantown,Hispanic,21,13.0,61.9
796,Germantown,Non-Economically Disadvantaged,458,334.0,72.9
796,Germantown,Non-English Learners,489,345.0,70.6
796,Germantown,Non-Students with Disabilities,465,338.0,72.7
796,Germantown,Students with Disabilities,30,8.0,26.7
796,Germantown,Super Subgroup,131,63.0,48.1
796,Germantown,White,351,252.0,71.8
798,Millington Municipal Schools,All Students,191,87.0,45.5
798,Millington Municipal Schools,American Indian or Alaska Native,1,,
798,Millington Municipal Schools,Asian,6,,
798,Millington Municipal Schools,Black or African American,80,30.0,37.5
798,Millington Municipal Schools,Black/Hispanic/Native American,102,40.0,39.2
798,Millington Municipal Schools,Economically Disadvantaged,90,30.0,33.3
798,Millington Municipal Schools,English Learners with Transitional 1-4,6,,
798,Millington Municipal Schools,Hispanic,21,9.0,42.9
798,Millington Municipal Schools,Non-Economically Disadvantaged,101,57.0,56.4
798,Millington Municipal Schools,Non-English Learners,185,87.0,47.0
798,Millington Municipal Schools,Non-Students with Disabilities,171,87.0,50.9
798,Millington Municipal Schools,Students with Disabilities,20,,
798,Millington Municipal Schools,Super Subgroup,137,54.0,39.4
798,Millington Municipal Schools,White,83,44.0,53.0
800,Smith County,All Students,189,96.0,50.8
800,Smith County,American Indian or Alaska Native,1,,
800,Smith County,Asian,1,,
800,Smith County,Black or African American,9,,
800,Smith County,Black/Hispanic/Native American,19,5.0,26.3
800,Smith County,Economically Disadvantaged,63,22.0,34.9
800,Smith County,Hispanic,9,,
800,Smith County,Non-Economically Disadvantaged,126,74.0,58.7
800,Smith County,Non-English Learners,189,96.0,50.8
800,Smith County,Non-Students with Disabilities,164,92.0,56.1
800,Smith County,Students with Disabilities,25,4.0,16.0
800,Smith County,Super Subgroup,83,29.0,34.9
800,Smith County,White,169,90.0,53.3
810,Stewart County,All Students,176,68.0,38.6
810,Stewart County,American Indian or Alaska Native,1,,
810,Stewart County,Black or African American,3,,
810,Stewart County,Black/Hispanic/Native American,9,,
810,Stewart County,Economically Disadvantaged,63,16.0,25.4
810,Stewart County,Hispanic,5,,
810,Stewart County,Non-Economically Disadvantaged,113,52.0,46.0
810,Stewart County,Non-English Learners,176,68.0,38.6
810,Stewart County,Non-Students with Disabilities,155,66.0,42.6
810,Stewart County,Students with Disabilities,21,2.0,9.5
810,Stewart County,Super Subgroup,79,19.0,24.1
810,Stewart County,White,167,66.0,39.5
820,Sullivan County,All Students,705,230.0,32.6
820,Sullivan County,American Indian or Alaska Native,4,,
820,Sullivan County,Asian,4,,
820,Sullivan County,Black or African American,10,2.0,20.0
820,Sullivan County,Black/Hispanic/Native American,26,5.0,19.2
820,Sullivan County,Economically Disadvantaged,250,38.0,15.2
820,Sullivan County,English Learners with Transitional 1-4,2,,
820,Sullivan County,Hispanic,12,1.0,8.3
820,Sullivan County,Native Hawaiian or Other Pacific Islander,1,,
820,Sullivan County,Non-Economically Disadvantaged,455,192.0,42.2
820,Sullivan County,Non-English Learners,703,230.0,32.7
820,Sullivan County,Non-Students with Disabilities,595,226.0,38.0
820,Sullivan County,Students with Disabilities,110,4.0,3.6
820,Sullivan County,Super Subgroup,316,46.0,14.6
820,Sullivan County,White,674,223.0,33.1
821,Bristol,All Students,320,146.0,45.6
821,Bristol,American Indian or Alaska Native,7,,
821,Bristol,Asian,7,,
821,Bristol,Black or African American,17,2.0,11.8
821,Bristol,Black/Hispanic/Native American,39,13.0,33.3
821,Bristol,Economically Disadvantaged,100,28.0,28.0
821,Bristol,English Learners with Transitional 1-4,3,,
821,Bristol,Hispanic,15,8.0,53.3
821,Bristol,Non-Economically Disadvantaged,220,118.0,53.6
821,Bristol,Non-English Learners,317,146.0,46.1
821,Bristol,Non-Students with Disabilities,286,144.0,50.3
821,Bristol,Students with Disabilities,34,2.0,5.9
821,Bristol,Super Subgroup,135,38.0,28.1
821,Bristol,White,274,126.0,46.0
822,Kingsport,All Students,600,341.0,56.8
822,Kingsport,American Indian or Alaska Native,5,,
822,Kingsport,Asian,20,16.0,80.0
822,Kingsport,Black or African American,64,24.0,37.5
822,Kingsport,Black/Hispanic/Native American,111,40.0,36.0
822,Kingsport,Economically Disadvantaged,222,64.0,28.8
822,Kingsport,English Learners with Transitional 1-4,12,2.0,16.7
822,Kingsport,Hispanic,42,13.0,31.0
822,Kingsport,Non-Economically Disadvantaged,378,277.0,73.3
822,Kingsport,Non-English Learners,588,339.0,57.7
822,Kingsport,Non-Students with Disabilities,512,322.0,62.9
822,Kingsport,Students with Disabilities,88,19.0,21.6
822,Kingsport,Super Subgroup,295,99.0,33.6
822,Kingsport,White,469,285.0,60.8
830,Sumner County,All Students,2210,921.0,41.7
830,Sumner County,American Indian or Alaska Native,11,6.0,54.5
830,Sumner County,Asian,47,29.0,61.7
830,Sumner County,Black or African American,264,47.0,17.8
830,Sumner County,Black/Hispanic/Native American,483,94.0,19.5
830,Sumner County,Economically Disadvantaged,536,106.0,19.8
830,Sumner County,English Learners with Transitional 1-4,39,3.0,7.7
830,Sumner County,Hispanic,208,41.0,19.7
830,Sumner County,Native Hawaiian or Other Pacific Islander,8,,
830,Sumner County,Non-Economically Disadvantaged,1674,815.0,48.7
830,Sumner County,Non-English Learners,2171,918.0,42.3
830,Sumner County,Non-Students with Disabilities,1955,901.0,46.1
830,Sumner County,Students with Disabilities,255,20.0,7.8
830,Sumner County,Super Subgroup,927,185.0,20.0
830,Sumner County,White,1672,794.0,47.5
840,Tipton County,All Students,771,394.0,51.1
840,Tipton County,American Indian or Alaska Native,5,,
840,Tipton County,Asian,10,,
840,Tipton County,Black or African American,178,59.0,33.1
840,Tipton County,Black/Hispanic/Native American,221,82.0,37.1
840,Tipton County,Economically Disadvantaged,272,93.0,34.2
840,Tipton County,English Learners with Transitional 1-4,6,,
840,Tipton County,Hispanic,38,21.0,55.3
840,Tipton County,Non-Economically Disadvantaged,499,301.0,60.3
840,Tipton County,Non-English Learners,765,394.0,51.5
840,Tipton County,Non-Students with Disabilities,697,384.0,55.1
840,Tipton County,Students with Disabilities,74,10.0,13.5
840,Tipton County,Super Subgroup,387,137.0,35.4
840,Tipton County,White,540,302.0,55.9
850,Trousdale County,All Students,83,69.0,83.1
850,Trousdale County,Black or African American,15,12.0,80.0
850,Trousdale County,Black/Hispanic/Native American,18,14.0,77.8
850,Trousdale County,Economically Disadvantaged,23,17.0,73.9
850,Trousdale County,English Learners with Transitional 1-4,2,,
850,Trousdale County,Hispanic,3,,
850,Trousdale County,Non-Economically Disadvantaged,60,52.0,86.7
850,Trousdale County,Non-English Learners,81,69.0,85.2
850,Trousdale County,Non-Students with Disabilities,77,67.0,87.0
850,Trousdale County,Students with Disabilities,6,,
850,Trousdale County,Super Subgroup,37,28.0,75.7
850,Trousdale County,White,65,55.0,84.6
860,Unicoi County,All Students,190,68.0,35.8
860,Unicoi County,Asian,1,,
860,Unicoi County,Black or African American,4,,
860,Unicoi County,Black/Hispanic/Native American,26,5.0,19.2
860,Unicoi County,Economically Disadvantaged,87,14.0,16.1
860,Unicoi County,English Learners with Transitional 1-4,6,,
860,Unicoi County,Hispanic,22,3.0,13.6
860,Unicoi County,Non-Economically Disadvantaged,103,54.0,52.4
860,Unicoi County,Non-English Learners,184,68.0,37.0
860,Unicoi County,Non-Students with Disabilities,154,64.0,41.6
860,Unicoi County,Students with Disabilities,36,4.0,11.1
860,Unicoi County,Super Subgroup,108,22.0,20.4
860,Unicoi County,White,163,62.0,38.0
870,Union County,All Students,195,58.0,29.7
870,Union County,Asian,1,,
870,Union County,Black or African American,6,,
870,Union County,Black/Hispanic/Native American,15,4.0,26.7
870,Union County,Economically Disadvantaged,75,17.0,22.7
870,Union County,English Learners with Transitional 1-4,1,,
870,Union County,Hispanic,9,,
870,Union County,Non-Economically Disadvantaged,120,41.0,34.2
870,Union County,Non-English Learners,194,58.0,29.9
870,Union County,Non-Students with Disabilities,161,56.0,34.8
870,Union County,Students with Disabilities,34,2.0,5.9
870,Union County,Super Subgroup,92,17.0,18.5
870,Union County,White,179,54.0,30.2
880,Van Buren County,All Students,54,28.0,51.9
880,Van Buren County,Black or African American,1,,
880,Van Buren County,Black/Hispanic/Native American,1,,
880,Van Buren County,Economically Disadvantaged,32,14.0,43.8
880,Van Buren County,Non-Economically Disadvantaged,22,14.0,63.6
880,Van Buren County,Non-English Learners,54,28.0,51.9
880,Van Buren County,Non-Students with Disabilities,47,27.0,57.4
880,Van Buren County,Students with Disabilities,7,,
880,Van Buren County,Super Subgroup,35,15.0,42.9
880,Van Buren County,White,53,28.0,52.8
890,Warren County,All Students,414,130.0,31.4
890,Warren County,American Indian or Alaska Native,4,,
890,Warren County,Asian,5,,
890,Warren County,Black or African American,33,4.0,12.1
890,Warren County,Black/Hispanic/Native American,122,26.0,21.3
890,Warren County,Economically Disadvantaged,197,28.0,14.2
890,Warren County,English Learners with Transitional 1-4,17,1.0,5.9
890,Warren County,Hispanic,85,21.0,24.7
890,Warren County,Native Hawaiian or Other Pacific Islander,1,,
890,Warren County,Non-Economically Disadvantaged,217,102.0,47.0
890,Warren County,Non-English Learners,397,129.0,32.5
890,Warren County,Non-Students with Disabilities,365,126.0,34.5
890,Warren County,Students with Disabilities,49,4.0,8.2
890,Warren County,Super Subgroup,264,49.0,18.6
890,Warren County,White,286,104.0,36.4
900,Washington County,All Students,755,331.0,43.8
900,Washington County,American Indian or Alaska Native,1,,
900,Washington County,Asian,7,,
900,Washington County,Black or African American,19,9.0,47.4
900,Washington County,Black/Hispanic/Native American,38,15.0,39.5
900,Washington County,Economically Disadvantaged,230,49.0,21.3
900,Washington County,English Learners with Transitional 1-4,2,,
900,Washington County,Hispanic,18,6.0,33.3
900,Washington County,Native Hawaiian or Other Pacific Islander,1,,
900,Washington County,Non-Economically Disadvantaged,525,282.0,53.7
900,Washington County,Non-English Learners,753,329.0,43.7
900,Washington County,Non-Students with Disabilities,654,323.0,49.4
900,Washington County,Students with Disabilities,101,8.0,7.9
900,Washington County,Super Subgroup,299,70.0,23.4
900,Washington County,White,709,309.0,43.6
901,Johnson City,All Students,593,327.0,55.1
901,Johnson City,American Indian or Alaska Native,3,,
901,Johnson City,Asian,34,26.0,76.5
901,Johnson City,Black or African American,81,29.0,35.8
901,Johnson City,Black/Hispanic/Native American,152,54.0,35.5
901,Johnson City,Economically Disadvantaged,169,46.0,27.2
901,Johnson City,English Learners with Transitional 1-4,21,4.0,19.0
901,Johnson City,Hispanic,68,24.0,35.3
901,Johnson City,Native Hawaiian or Other Pacific Islander,2,,
901,Johnson City,Non-Economically Disadvantaged,424,281.0,66.3
901,Johnson City,Non-English Learners,572,323.0,56.5
901,Johnson City,Non-Students with Disabilities,525,319.0,60.8
901,Johnson City,Students with Disabilities,68,8.0,11.8
901,Johnson City,Super Subgroup,285,89.0,31.2
901,Johnson City,White,405,245.0,60.5
910,Wayne County,All Students,167,61.0,36.5
910,Wayne County,Black or African American,2,,
910,Wayne County,Black/Hispanic/Native American,2,,
910,Wayne County,Economically Disadvantaged,58,18.0,31.0
910,Wayne County,Native Hawaiian or Other Pacific Islander,1,,
910,Wayne County,Non-Economically Disadvantaged,109,43.0,39.4
910,Wayne County,Non-English Learners,167,61.0,36.5
910,Wayne County,Non-Students with Disabilities,127,50.0,39.4
910,Wayne County,Students with Disabilities,40,11.0,27.5
910,Wayne County,Super Subgroup,79,24.0,30.4
910,Wayne County,White,164,61.0,37.2
920,Weakley County,All Students,260,118.0,45.4
920,Weakley County,Asian,4,,
920,Weakley County,Black or African American,28,7.0,25.0
920,Weakley County,Black/Hispanic/Native American,35,9.0,25.7
920,Weakley County,Economically Disadvantaged,97,28.0,28.9
920,Weakley County,English Learners with Transitional 1-4,1,,
920,Weakley County,Hispanic,7,,
920,Weakley County,Non-Economically Disadvantaged,163,90.0,55.2
920,Weakley County,Non-English Learners,259,118.0,45.6
920,Weakley County,Non-Students with Disabilities,232,117.0,50.4
920,Weakley County,Students with Disabilities,28,1.0,3.6
920,Weakley County,Super Subgroup,116,32.0,27.6
920,Weakley County,White,221,105.0,47.5
930,White County,All Students,265,137.0,51.7
930,White County,American Indian or Alaska Native,1,,
930,White County,Asian,3,,
930,White County,Black or African American,8,,
930,White County,Black/Hispanic/Native American,12,3.0,25.0
930,White County,Economically Disadvantaged,116,42.0,36.2
930,White County,Hispanic,3,,
930,White County,Non-Economically Disadvantaged,149,95.0,63.8
930,White County,Non-English Learners,265,137.0,51.7
930,White County,Non-Students with Disabilities,239,130.0,54.4
930,White County,Students with Disabilities,26,7.0,26.9
930,White County,Super Subgroup,131,47.0,35.9
930,White County,White,250,131.0,52.4
940,Williamson County,All Students,3356,2478.0,73.8
940,Williamson County,American Indian or Alaska Native,30,17.0,56.7
940,Williamson County,Asian,277,235.0,84.8
940,Williamson County,Black or African American,191,86.0,45.0
940,Williamson County,Black/Hispanic/Native American,507,260.0,51.3
940,Williamson County,Economically Disadvantaged,181,70.0,38.7
940,Williamson County,English Learners with Transitional 1-4,47,9.0,19.1
940,Williamson County,Hispanic,286,157.0,54.9
940,Williamson County,Native Hawaiian or Other Pacific Islander,8,,
940,Williamson County,Non-Economically Disadvantaged,3175,2408.0,75.8
940,Williamson County,Non-English Learners,3309,2469.0,74.6
940,Williamson County,Non-Students with Disabilities,3079,2410.0,78.3
940,Williamson County,Students with Disabilities,277,68.0,24.5
940,Williamson County,Super Subgroup,826,380.0,46.0
940,Williamson County,White,2564,1977.0,77.1
950,Wilson County,All Students,1632,929.0,56.9
950,Wilson County,American Indian or Alaska Native,7,,
950,Wilson County,Asian,46,39.0,84.8
950,Wilson County,Black or African American,189,71.0,37.6
950,Wilson County,Black/Hispanic/Native American,328,110.0,33.5
950,Wilson County,Economically Disadvantaged,369,111.0,30.1
950,Wilson County,English Learners with Transitional 1-4,50,7.0,14.0
950,Wilson County,Hispanic,132,37.0,28.0
950,Wilson County,Native Hawaiian or Other Pacific Islander,7,,
950,Wilson County,Non-Economically Disadvantaged,1263,818.0,64.8
950,Wilson County,Non-English Learners,1582,922.0,58.3
950,Wilson County,Non-Students with Disabilities,1448,898.0,62.0
950,Wilson County,Students with Disabilities,184,31.0,16.8
950,Wilson County,Super Subgroup,682,232.0,34.0
950,Wilson County,White,1251,777.0,62.1
961,Alvin C York Institute,All Students,103,89.0,86.4
961,Alvin C York Institute,Black/Hispanic/Native American,1,,
961,Alvin C York Institute,Economically Disadvantaged,41,36.0,87.8
961,Alvin C York Institute,Hispanic,1,,
961,Alvin C York Institute,Non-Economically Disadvantaged,62,53.0,85.5
961,Alvin C York Institute,Non-English Learners,103,89.0,86.4
961,Alvin C York Institute,Non-Students with Disabilities,86,79.0,91.9
961,Alvin C York Institute,Students with Disabilities,17,10.0,58.8
961,Alvin C York Institute,Super Subgroup,52,44.0,84.6
961,Alvin C York Institute,White,102,88.0,86.3
963,Tennessee School for Blind,All Students,15,1.0,6.7
963,Tennessee School for Blind,Asian,1,,
963,Tennessee School for Blind,Black or African American,1,,
963,Tennessee School for Blind,Black/Hispanic/Native American,2,,
963,Tennessee School for Blind,Economically Disadvantaged,2,,
963,Tennessee School for Blind,English Learners with Transitional 1-4,1,,
963,Tennessee School for Blind,Hispanic,1,,
963,Tennessee School for Blind,Non-Economically Disadvantaged,13,1.0,7.7
963,Tennessee School for Blind,Non-English Learners,14,1.0,7.1
963,Tennessee School for Blind,Students with Disabilities,15,1.0,6.7
963,Tennessee School for Blind,Super Subgroup,15,1.0,6.7
963,Tennessee School for Blind,White,12,1.0,8.3
964,Tennessee Schools for the Deaf,All Students,15,1.0,6.7
964,Tennessee Schools for the Deaf,Black or African American,6,,
964,Tennessee Schools for the Deaf,Black/Hispanic/Native American,8,,
964,Tennessee Schools for the Deaf,Economically Disadvantaged,11,1.0,9.1
964,Tennessee Schools for the Deaf,English Learners with Transitional 1-4,1,,
964,Tennessee Schools for the Deaf,Hispanic,2,,
964,Tennessee Schools for the Deaf,Non-Economically Disadvantaged,4,,
964,Tennessee Schools for the Deaf,Non-English Learners,14,1.0,7.1
964,Tennessee Schools for the Deaf,Students with Disabilities,15,1.0,6.7
964,Tennessee Schools for the Deaf,Super Subgroup,15,1.0,6.7
964,Tennessee Schools for the Deaf,White,7,,
970,Department Of Children's Services Education Division,All Students,514,,
970,Department Of Children's Services Education Division,American Indian or Alaska Native,2,,
970,Department Of Children's Services Education Division,Black or African American,215,,
970,Department Of Children's Services Education Division,Black/Hispanic/Native American,240,,
970,Department Of Children's Services Education Division,Economically Disadvantaged,509,,
970,Department Of Children's Services Education Division,English Learners with Transitional 1-4,10,,
970,Department Of Children's Services Education Division,Hispanic,23,,
970,Department Of Children's Services Education Division,Non-Economically Disadvantaged,5,,
970,Department Of Children's Services Education Division,Non-English Learners,504,,
970,Department Of Children's Services Education Division,Non-Students with Disabilities,349,,
970,Department Of Children's Services Education Division,Students with Disabilities,165,,
970,Department Of Children's Services Education Division,Super Subgroup,510,,
970,Department Of Children's Services Education Division,White,274,,
985,Achievement School District,All Students,511,8.0,1.6
985,Achievement School District,Black or African American,490,8.0,1.6
985,Achievement School District,Black/Hispanic/Native American,506,8.0,1.6
985,Achievement School District,Economically Disadvantaged,465,8.0,1.7
985,Achievement School District,English Learners with Transitional 1-4,12,,
985,Achievement School District,Hispanic,16,,
985,Achievement School District,Non-Economically Disadvantaged,46,,
985,Achievement School District,Non-English Learners,499,8.0,1.6
985,Achievement School District,Non-Students with Disabilities,419,7.0,1.7
985,Achievement School District,Students with Disabilities,92,1.0,1.1
985,Achievement School District,Super Subgroup,509,8.0,1.6
985,Achievement School District,White,5,,
987,Tennessee Public Charter School Commission,All Students,120,20.0,16.7
987,Tennessee Public Charter School Commission,Asian,1,,
987,Tennessee Public Charter School Commission,Black or African American,95,15.0,15.8
987,Tennessee Public Charter School Commission,Black/Hispanic/Native American,119,20.0,16.8
987,Tennessee Public Charter School Commission,Economically Disadvantaged,79,11.0,13.9
987,Tennessee Public Charter School Commission,English Learners with Transitional 1-4,11,1.0,9.1
987,Tennessee Public Charter School Commission,Hispanic,24,5.0,20.8
987,Tennessee Public Charter School Commission,Non-Economically Disadvantaged,41,9.0,22.0
987,Tennessee Public Charter School Commission,Non-English Learners,109,19.0,17.4
987,Tennessee Public Charter School Commission,Non-Students with Disabilities,99,20.0,20.2
987,Tennessee Public Charter School Commission,Students with Disabilities,21,,
987,Tennessee Public Charter School Commission,Super Subgroup,119,20.0,16.8
